ztf_id,ae_mse
ZTF19acdgwhq,0.30730805
ZTF18aasdted,0.48471063
ZTF18aaumeys,0.26924843
ZTF18aaunfqq,0.23818827
ZTF18aasxvsg,0.9312225
ZTF18aavqdyq,0.42385033
ZTF18aavrwhu,0.16841638
ZTF18aaxcntm,0.07825222
ZTF18aawyjjq,0.31694767
ZTF18aaxdrjn,0.3106274
ZTF18aaxiuyp,0.09660435
ZTF18aaxsioa,0.06499888
ZTF18aayjvve,0.3225337
ZTF18aayjyub,0.23029174
ZTF18aaxvpsw,0.14357804
ZTF18aaykjei,0.19171055
ZTF18aaxwjmp,0.10792585
ZTF18aaydmkh,0.06235262
ZTF19aanbojt,0.6182866
ZTF18aaytovs,0.10049302
ZTF18aazixbw,0.13845973
ZTF18aazjztm,0.11547996
ZTF18aazsabq,0.18672615
ZTF18aaxkjmm,0.2760847
ZTF18abauprj,0.44430184
ZTF18abaxlpi,0.29704347
ZTF18abbpeqo,0.1651914
ZTF18abckutn,0.33167368
ZTF18abclfee,0.5785615
ZTF18abcezmh,0.07593335
ZTF18abcsgvj,0.2624951
ZTF18abceakp,0.6076333
ZTF18abcpmwh,1.5249075
ZTF18abcptmt,0.25914752
ZTF18abcrxoj,0.3968135
ZTF18abcflnz,0.22853084
ZTF18abdfwur,0.06114054
ZTF18abdbuty,0.06950408
ZTF18abdbysy,0.46706632
ZTF18abdiwpt,0.124109775
ZTF18abdkimx,0.11605881
ZTF18abdrmin,0.41837853
ZTF18abecbks,0.065844044
ZTF18abcfdzu,0.2918071
ZTF18abeajml,0.2376145
ZTF18abetehf,0.15154733
ZTF18abetewu,0.12547533
ZTF18ablrljh,0.16397057
ZTF18abeecwe,0.07940404
ZTF18abfgygp,0.1248979
ZTF18abdkkwa,0.15064089
ZTF18abfhryc,0.1753626
ZTF18abffyqp,0.538779
ZTF18abixkjh,0.11203129
ZTF18aailmnv,0.17492947
ZTF18abfzhct,0.0916914
ZTF18abfzixe,0.25707138
ZTF18abgmcmv,0.29370135
ZTF18abfzfcv,0.22548306
ZTF18aawurud,0.06365964
ZTF18abeyqpr,0.093083724
ZTF18abjgyyr,0.2239839
ZTF18abimsyv,0.38002086
ZTF18abjvhec,0.09060409
ZTF18abjrfqx,0.2085069
ZTF22aamjqvc,0.09832426
ZTF18abkhcwl,0.16917439
ZTF18abkhcrj,0.08934922
ZTF18abjtgdo,0.16201402
ZTF18ablhvfr,0.06810735
ZTF18aasprui,1.0237131
ZTF18ablongw,0.052283093
ZTF18ablqlzp,0.5204719
ZTF18abmmdif,0.06575793
ZTF18abltaxf,0.49094823
ZTF18abmoung,0.8865982
ZTF18abltfho,0.047981624
ZTF18abmkaps,0.20383944
ZTF18abmxdhb,0.12789477
ZTF18abobkii,0.21447432
ZTF18abokpvh,0.15034993
ZTF18abntsgz,0.14145678
ZTF18abnxhmc,0.09937397
ZTF18abmwnov,0.23012616
ZTF18abokyfk,0.17206371
ZTF18abpaywm,0.16623117
ZTF18abqlpgq,0.15676342
ZTF18abquher,0.3362328
ZTF18abpamut,0.5929284
ZTF18abpmmpo,0.23935738
ZTF18abojpnr,0.24723226
ZTF18abrlljc,0.22203472
ZTF20acfkzcg,0.23810793
ZTF18abrzeym,0.1324832
ZTF18abqyvzy,0.35347182
ZTF18acgvgiq,0.6528071
ZTF18absdgon,0.3053319
ZTF18absspcp,0.15960418
ZTF18abvptts,0.32010648
ZTF18abzrgim,0.27333897
ZTF18acbwaxk,4.6194177
ZTF18abxbmqh,0.2672118
ZTF18acbxsge,0.4341335
ZTF18aaklpdo,0.18293855
ZTF18acbzvpg,0.23365162
ZTF18acclexy,0.27487817
ZTF18accndxn,0.15795673
ZTF18acebssa,0.24337259
ZTF18acefuhk,0.20737892
ZTF18acfwmqj,0.31826007
ZTF18acnbeuu,0.11135364
ZTF18achtnvk,0.30363172
ZTF18acnmifq,0.12165325
ZTF18acnbgpw,0.12961324
ZTF18acdvvgx,0.3499554
ZTF18acnnevs,0.60347366
ZTF18acqtjcz,0.19755623
ZTF18acqwdla,0.27212325
ZTF18acqqyah,0.42684555
ZTF18acqsfxh,0.44627023
ZTF18acrdmmw,0.17083412
ZTF18acrtvmm,0.11248876
ZTF18acrxppd,0.26352495
ZTF18acszayr,0.40364835
ZTF18acsxwdi,0.3193009
ZTF18acsyanq,0.92535716
ZTF18acslbve,0.33207953
ZTF18acszaiy,0.20965062
ZTF18acurlbj,0.17991646
ZTF18acuqskr,0.09215458
ZTF18acvgjqv,0.22097148
ZTF18acvwmpw,0.124153644
ZTF18acusrws,0.46573117
ZTF18acvwbos,0.2712038
ZTF18acvguyi,0.10793266
ZTF18acwutbr,0.64443266
ZTF18acwwonp,0.31370607
ZTF18aczdetm,0.8057081
ZTF18acybdar,0.19875327
ZTF18acyxnyw,0.3793861
ZTF18acxyarg,0.11601481
ZTF18aczeesl,0.4011011
ZTF19aacjbsj,1.1870799
ZTF18aczqzrj,0.17760816
ZTF18adalarn,0.36117595
ZTF18adazgdh,0.14244935
ZTF18adazblo,0.19583963
ZTF19aaadwfi,0.28669232
ZTF18aczuooo,0.237177
ZTF18abvmlow,1.7710131
ZTF18adasisj,0.133077
ZTF18adbntwo,0.27708796
ZTF18adbmrug,0.22952937
ZTF18adbmbpa,2.5962665
ZTF19aaairqh,0.09957644
ZTF19aabyheu,0.29052028
ZTF19aabyppp,0.22072947
ZTF19aadgimr,0.41874948
ZTF19aacgslb,1.6052684
ZTF19aacivvy,0.5293645
ZTF19aadnxat,0.73647887
ZTF19aabyuze,0.35987017
ZTF19aadnxog,0.46277252
ZTF19aadyppr,0.44911715
ZTF18adbacau,0.12622255
ZTF19aadooun,0.7893313
ZTF19aaeoqst,0.64237607
ZTF19aafljiq,0.28873768
ZTF19aagmsrr,1.844816
ZTF19aailepg,0.37332007
ZTF19aakirwj,0.3891919
ZTF19aailqli,0.220207
ZTF19aakiyly,0.2694681
ZTF19aamowaf,0.15431552
ZTF19aajxwnz,7.4614015
ZTF19aailltc,0.11654218
ZTF19aakiwxx,0.27851707
ZTF19aakiyed,0.23312923
ZTF19aaksxgp,0.16958489
ZTF19aakpcuw,0.41187614
ZTF19aaknate,0.6039914
ZTF19aaksrgj,0.1183224
ZTF19aalcyfd,0.2185841
ZTF19aaleptm,0.17679769
ZTF19aaloqmd,0.13018194
ZTF19aafmyow,0.59843934
ZTF19aakzwao,0.3263599
ZTF19aalzmmt,0.1421358
ZTF19aalouag,0.20962672
ZTF19aalsnbp,0.44183668
ZTF19aalzmio,0.08852204
ZTF19aamhmsx,0.1739235
ZTF19aamjvie,0.26084828
ZTF19aamfxby,0.17420976
ZTF19aamgghn,0.19176449
ZTF19aamhhyo,0.44331738
ZTF19aamhhae,0.057684053
ZTF19aamhhey,0.14563908
ZTF19aamhhgu,0.33004117
ZTF19aamkmxv,0.48348695
ZTF19aamljom,0.38883746
ZTF19aamqlyl,0.2556612
ZTF19aamhgwm,0.1832864
ZTF19aanbfaw,0.10552822
ZTF19aamsetj,0.3522655
ZTF19aamqebl,0.26138857
ZTF19aamhqej,2.3979783
ZTF19aamvmer,0.17865463
ZTF19aanejfr,0.09059581
ZTF19aanlekq,0.1725179
ZTF19aamvape,0.28414014
ZTF19aanfukh,0.21779326
ZTF19aanfyey,0.14585343
ZTF19aanhhal,0.23277459
ZTF19aanijpu,0.117354795
ZTF19aangier,0.15556835
ZTF19aanhlzi,0.13548934
ZTF19aaniore,0.23555577
ZTF19aanhgqg,0.21746892
ZTF19aamrais,0.25511304
ZTF19aalbrgu,0.76136804
ZTF19aaniqrr,0.6880182
ZTF19aanmdsr,0.2095014
ZTF19aanirdx,0.25501853
ZTF19aanircs,0.10083223
ZTF19aanovps,0.14916632
ZTF19aanmeyw,0.117883764
ZTF18accngxc,0.41473392
ZTF19aanesxt,0.18175808
ZTF19aanrrqu,0.17046489
ZTF19aanramr,0.16098042
ZTF19aaneugz,0.13286066
ZTF19aanpcep,0.14084144
ZTF19aansyyn,0.095889896
ZTF19aaomkvl,0.44611865
ZTF19aanuhox,0.06942197
ZTF19aanxgrz,0.32649463
ZTF19aaokist,0.05962725
ZTF19aanuuen,0.061439052
ZTF19aanxosu,0.19803141
ZTF19aapfnym,0.3065026
ZTF19aapafit,0.37307492
ZTF19aaoyjoz,0.24872883
ZTF19aaoyech,0.130178
ZTF19aaozpew,0.19484827
ZTF19aaozplq,0.06966945
ZTF19aapadxs,0.28597695
ZTF19aaqtyku,0.51616746
ZTF19aapafqd,0.24892236
ZTF19aapbfot,0.10443082
ZTF19aapbgmp,0.15990083
ZTF19aaphmto,0.2036646
ZTF19aapeime,0.5406586
ZTF19aaozsuh,0.28653687
ZTF19aarfyvc,0.09589831
ZTF19aapszzy,0.20254673
ZTF19aapnzde,0.18799908
ZTF19aapocyd,0.21512191
ZTF19aaoxvfe,0.2632274
ZTF19aaputrv,0.10420208
ZTF19aaqdkrm,0.17725706
ZTF19aardunx,0.30738446
ZTF19aaqxosb,0.2369991
ZTF19aaraxhh,0.50384873
ZTF19aarfksi,0.123464055
ZTF19aariwpf,0.33416113
ZTF19aawsdlq,0.7390946
ZTF19aaqxcfs,0.13593787
ZTF19aarifvr,0.7626252
ZTF19aarhxgn,0.22397292
ZTF19aarfkch,0.17291537
ZTF19aarlefl,0.28059614
ZTF19aapzbjr,0.1454121
ZTF19aarixue,0.17398468
ZTF19aarprog,0.3382211
ZTF19aarmznp,0.1918
ZTF19aartuev,0.16506174
ZTF19aartuli,0.25525126
ZTF19aariwfe,1.145577
ZTF19aasekcx,0.16357109
ZTF19aatlqdf,0.17303827
ZTF19aatesgp,0.47520158
ZTF19aatlmbo,0.8881637
ZTF19aatgxjy,0.22043274
ZTF19aatgwhs,0.18185519
ZTF19aatheus,0.30920213
ZTF19aatgrpm,0.7159827
ZTF19aasmkhn,0.12548071
ZTF19aathllr,0.11459183
ZTF19aarphwc,0.3752165
ZTF18aaxokeg,0.07765601
ZTF19aatgznl,0.096267074
ZTF18aaqkdwu,0.21101208
ZTF19aatqzim,0.1411166
ZTF19aatgrxl,0.26390782
ZTF19aatgrxv,0.17301585
ZTF19aathcvn,0.118299775
ZTF19aauaaxi,0.25179794
ZTF19aaugoig,0.11344819
ZTF19aauguzk,0.14399394
ZTF19aauishy,0.4540513
ZTF19aauisdr,0.21578862
ZTF19aaugaam,0.18486622
ZTF19aauitks,0.02865235
ZTF19aaujiwc,0.04386295
ZTF19aaupkev,0.11067389
ZTF19aaulzvc,0.19557762
ZTF19aauivtj,0.13306503
ZTF19aaurxsa,0.09365841
ZTF18aaqkcso,0.74088836
ZTF19aauplxw,0.09923164
ZTF19aaupkrl,0.41618645
ZTF19aauhhjy,0.13668332
ZTF18aaxeoqk,0.07946404
ZTF19aaurhox,0.06509451
ZTF19aaumvig,0.06978861
ZTF19aaujzqh,0.23857471
ZTF19aaurstb,0.1345136
ZTF19aauqwna,0.14447804
ZTF19aauxxgk,0.35880762
ZTF19aavbjfp,0.25183597
ZTF19aavkptg,0.26822865
ZTF19aavbkly,0.27718952
ZTF19aavkhuy,0.07416409
ZTF19aavhblr,0.15442677
ZTF19aauxmqj,0.35335433
ZTF19aavissk,0.10105396
ZTF19aavidqf,0.09130563
ZTF19aavivbl,0.08364677
ZTF19aavhypb,0.5171677
ZTF19aavmgtv,0.15332727
ZTF19aavhxby,0.2523647
ZTF19aavhzsc,0.11306081
ZTF19aavoweu,0.47599104
ZTF19aavnwxf,0.076633915
ZTF19aavnxwj,0.045305878
ZTF19aawwlxc,0.16732314
ZTF19aavjlkx,0.10698406
ZTF19aavmlqh,0.088289626
ZTF19aavounq,0.06800188
ZTF19aawfcgp,0.40518013
ZTF19aavouyw,0.18171683
ZTF19aavoiyc,0.047994155
ZTF19aavnwyt,0.20824857
ZTF19aavrswr,0.08064243
ZTF19aawrumx,0.11474184
ZTF18aarlukc,0.45225143
ZTF19aavxpbx,0.31194454
ZTF19aawgfnn,0.07639352
ZTF19aavsyhq,0.13058442
ZTF19aavsahh,0.12532173
ZTF19aawfbtg,0.29821402
ZTF19aavitlq,0.12618414
ZTF19aawgxdn,0.4555676
ZTF19aawafvn,0.23732401
ZTF19aaxhysx,0.2919911
ZTF19aawmqtd,0.09696505
ZTF19aavjukt,0.19843008
ZTF19aawmkja,0.14627774
ZTF19aawnqoj,0.05058542
ZTF19aawqcgy,0.19331619
ZTF19aavvozj,0.050187234
ZTF19aawqckx,0.2184095
ZTF19aaxqsbn,0.13795303
ZTF19aaxffum,0.13096751
ZTF19aaxfcpq,0.079756394
ZTF19aaxfzao,0.43119466
ZTF19aawyepw,0.083058104
ZTF18aanygjk,0.08834162
ZTF19aaxibby,0.07128049
ZTF19aaxibpz,0.11482349
ZTF19aaxyukr,0.20672646
ZTF19aayabqe,0.12546398
ZTF19aayfaum,0.55682355
ZTF19aayqait,0.13375874
ZTF19aaycomi,0.21244235
ZTF19aayslow,0.08136701
ZTF19aayejww,0.5420836
ZTF19aaxzdtw,0.15871276
ZTF19aavjzrz,0.4123938
ZTF19aayogzn,0.072200336
ZTF19aayrosj,0.10760411
ZTF19aaypehm,0.0599697
ZTF19aayveer,0.14365026
ZTF19aazdcmj,0.20830645
ZTF19aayvylv,0.0844647
ZTF19aazfvhh,0.34455994
ZTF19aaywlmi,0.0903189
ZTF19aazuqyt,0.15321486
ZTF19aazlsfj,0.14500657
ZTF19aazwnwy,0.10357114
ZTF19aayjqpa,0.112911165
ZTF19aazyvub,0.22856241
ZTF19aazxcvl,0.12931544
ZTF19aazzpje,0.16242747
ZTF19aazudta,0.15316461
ZTF19abadskf,0.09518306
ZTF19abahvdh,0.047362436
ZTF19ababigc,0.24365912
ZTF19abattvp,0.0874812
ZTF19abaejto,0.08101422
ZTF19abaeyln,0.09345919
ZTF19abacxod,0.10751096
ZTF19abajuqh,0.084770955
ZTF19abajxet,1.2380506
ZTF19abafmwj,0.22077999
ZTF19abamqxo,0.353994
ZTF19abaosan,0.1464882
ZTF19abasxkg,0.06271239
ZTF19abauylg,0.6066321
ZTF19abakjao,0.10324254
ZTF19abbnamr,0.5163979
ZTF19abbxykm,0.25840232
ZTF19abcegvm,0.15668558
ZTF19abbwfgp,0.3047352
ZTF19abcejsg,0.25029695
ZTF19abcejoa,0.12128357
ZTF19abauzma,0.121237256
ZTF19abbvzgr,0.14512737
ZTF19abcneik,0.11544307
ZTF18abdcudb,0.07470424
ZTF19abctnpk,0.051517025
ZTF19abdqaao,0.118671656
ZTF19abegizf,0.6397674
ZTF19abctxhf,0.23750484
ZTF19abcfzdy,0.1139334
ZTF19abdkdir,0.04944411
ZTF19abdkgwo,0.21719262
ZTF19abdkgns,0.051428832
ZTF19abdyawn,0.0758803
ZTF19abdzehg,0.4758346
ZTF19abcttsc,0.39339966
ZTF19abdviwl,0.22029372
ZTF19abdoznh,0.1297384
ZTF19abkfqqp,0.43022555
ZTF19abfibel,0.07464226
ZTF19abeloei,0.17533423
ZTF19abecaca,0.56857973
ZTF19abcvrpm,0.21369334
ZTF19abdrwsz,0.38371995
ZTF19abexfad,0.25287828
ZTF19abeytzv,0.17185026
ZTF19abfdszw,0.3085214
ZTF19abggnnp,0.16021551
ZTF19abfsxpw,0.16137321
ZTF19abfvhlx,0.11785107
ZTF19abfiqjg,0.114064954
ZTF19abfwtkw,0.19426796
ZTF19abgfrbl,0.045862067
ZTF19abgcbey,0.24580397
ZTF19abgjlef,0.1300271
ZTF19abgfuhh,0.16892406
ZTF19abglmpf,0.20894657
ZTF19abfloxk,0.20592557
ZTF19abgmkef,0.07384306
ZTF19abgncfz,0.087225
ZTF19abgndlf,0.35314196
ZTF19abgprpq,0.3236378
ZTF19abgpgyp,1.1600745
ZTF19abgnuri,0.08257015
ZTF18aarwxum,0.20368183
ZTF19abgqvyr,0.19929087
ZTF19abhdlxp,0.112240314
ZTF19abhiayh,0.19598289
ZTF19abgrcxs,0.1059566
ZTF19abhjhes,0.13676718
ZTF19abgsyrp,0.28395295
ZTF19abgrmfu,0.4289618
ZTF19abhduuo,0.18347134
ZTF19abirbpd,0.061418295
ZTF19abhxllw,0.25244597
ZTF19abhzdjp,0.05847739
ZTF19abhphah,0.3275099
ZTF19abiahik,0.27473742
ZTF19abhzelh,0.24495348
ZTF19abhztqq,0.14836922
ZTF19abhibzk,0.041764818
ZTF19abidbya,0.12857857
ZTF19abiahko,0.14755203
ZTF19abfvnns,0.40594414
ZTF19abidfxd,0.6650655
ZTF19abguqsi,0.15092626
ZTF19abheamc,0.2698231
ZTF19abiszzn,0.5068836
ZTF19abiqfxi,0.14605972
ZTF19abiietd,0.5025736
ZTF19abimkwn,0.100045584
ZTF19abimlck,1.3365883
ZTF19abjamgc,0.10310088
ZTF19abjarhj,0.041081425
ZTF19abimzvh,0.047251843
ZTF19abkdehm,0.09253788
ZTF19abitbcj,0.27180833
ZTF19abjibet,0.17730866
ZTF19abhzewi,0.06365784
ZTF19abitljz,0.21895997
ZTF19abjozed,0.079040706
ZTF19ablpfhz,0.10877235
ZTF19abjpntj,0.102802224
ZTF19ablojrw,0.11713246
ZTF19abjsmmv,0.4409428
ZTF18aaxgwpl,0.6995435
ZTF19abinjcy,0.301779
ZTF19ablfcjr,0.09792099
ZTF18abugthp,0.11349606
ZTF19abkdrir,0.079347454
ZTF19ablusdf,0.5970839
ZTF19abjioie,0.105156094
ZTF19ablpnmk,0.31718788
ZTF19ablovot,0.22689883
ZTF19abjrjdw,0.04435718
ZTF19abmpoxa,0.54741824
ZTF19abmylxw,0.19359657
ZTF19ablesob,0.29419032
ZTF19abnimpq,0.12025281
ZTF19abmolyr,0.15280195
ZTF19ablfdwt,0.16509902
ZTF19abocled,0.037764337
ZTF19abnmrqt,0.10896676
ZTF19abnishu,0.12247847
ZTF19abomiel,0.14032416
ZTF19abopflp,0.09412619
ZTF19abopyyu,0.11109013
ZTF19abornyn,0.3038673
ZTF19abormur,0.37439975
ZTF19abowcic,0.13139555
ZTF19abpbopt,0.22531234
ZTF19aboxjlj,0.33410358
ZTF19abpbqor,0.15493457
ZTF19abpmetl,0.042534713
ZTF19abpbbxx,0.06364335
ZTF19abpgggu,0.112795435
ZTF19abnacvf,0.21182491
ZTF19abpidqn,0.49306506
ZTF19abplfxs,0.26520526
ZTF19abpelgt,0.20153897
ZTF19abqqrgy,0.2778336
ZTF19abqgzea,0.07708018
ZTF19abqwsuf,0.19792984
ZTF19abpztlw,0.10645335
ZTF19abpxiff,0.08059978
ZTF19abqanpy,3.1771772
ZTF19abqgtqo,0.16122426
ZTF19abqykei,0.24657492
ZTF19abqhobb,0.82116145
ZTF19abqhikf,0.359915
ZTF19abqlrtb,0.06843023
ZTF19abqmjdq,0.08493915
ZTF19abqsojs,0.550978
ZTF19abqqmui,0.2111803
ZTF19abqrhvt,0.42843947
ZTF19abpzuzd,0.17112404
ZTF19abqrrto,2.726891
ZTF19abqsvgf,0.2780564
ZTF19abpyqog,0.184605
ZTF19abqviuy,0.21541062
ZTF19abqrhvy,0.46090004
ZTF19abqwtfu,0.08824165
ZTF19abqxhhr,0.06824164
ZTF19abqysic,0.09924089
ZTF19abqyoxt,0.22170286
ZTF19abqyoxj,0.16649354
ZTF19abrirmk,0.091094
ZTF19abqykyd,0.14032078
ZTF19abrlvij,0.23640138
ZTF19abrmlxu,0.056697354
ZTF19abqxibq,0.17704622
ZTF19abrogbl,0.26580226
ZTF19abqmpsr,0.5561172
ZTF19abrsssx,0.31168446
ZTF19abrbmvt,0.12181577
ZTF19abtnftd,0.0821356
ZTF19abszdld,0.2946382
ZTF19abtslqm,0.066194385
ZTF19abtsnyy,0.23357666
ZTF19absfopz,0.17909934
ZTF19abudlps,0.29544193
ZTF19abtsrup,0.1894843
ZTF19abueupg,0.36356512
ZTF19abukakm,0.103963405
ZTF19abuclhk,0.20506687
ZTF19abirmkt,0.5038102
ZTF19abrcvzz,0.14788064
ZTF19abwsecm,0.5133887
ZTF19abuxhqc,0.04483731
ZTF19abuhlxk,0.36969224
ZTF19abucvgu,0.16009742
ZTF19abujhgm,0.33166796
ZTF19abvanim,0.36250326
ZTF19abvalfd,0.43299964
ZTF19abvdbyx,0.1596416
ZTF19abvdgqo,0.0881416
ZTF19abuayqg,0.081299156
ZTF19abvhkst,0.13673888
ZTF19abvgnxg,0.07258449
ZTF19abvgwvp,0.07848839
ZTF19abvhduf,0.34900624
ZTF19abuzinv,1.2807561
ZTF19abupned,0.10507839
ZTF19abulzhy,0.20857628
ZTF19aburnqh,0.2888773
ZTF19abwztsb,1.7233633
ZTF19abulzlj,0.14195529
ZTF19abwaohs,0.2249443
ZTF19abwnpus,0.101020806
ZTF19abwouqp,0.09095264
ZTF19abwswzb,0.14812087
ZTF19abxekxi,0.16024752
ZTF19abxfunp,0.07469469
ZTF19abxgmzr,0.16002458
ZTF19abwsdic,0.1839761
ZTF19abxjrge,0.1605263
ZTF19abuzpmr,0.15426062
ZTF19abxnycf,0.11568621
ZTF19abwsagv,0.08961651
ZTF19abvjcii,0.37550327
ZTF19abxfhrq,0.118090324
ZTF19abxtdgh,0.41300997
ZTF19abwsxug,0.15097061
ZTF19abxtcio,0.29399484
ZTF19abxvles,0.15194267
ZTF19abxvtmn,0.16087113
ZTF19abxdnzt,0.3155092
ZTF19abxdnhr,0.19229047
ZTF19abycslo,0.04778086
ZTF19abyhxzp,0.2523794
ZTF19abyikbv,0.2717482
ZTF19abyjhpz,0.17484193
ZTF19abyjjxp,0.08346507
ZTF19abxjimu,0.7056118
ZTF19adannbl,0.13581406
ZTF19abwamby,0.3270417
ZTF19abyuzch,0.97630095
ZTF19abymvpq,0.21691209
ZTF19abyzuos,0.12615353
ZTF19abzfmak,0.1360928
ZTF19abzwaen,0.11311468
ZTF19abzhvxk,0.023427356
ZTF19abzkiuv,0.1713207
ZTF19abzlmwn,0.2308471
ZTF19abzlsbl,0.06393117
ZTF19abzqkdz,0.13663831
ZTF19abzrdup,0.2120043
ZTF19abyflzw,0.1569644
ZTF19abzsitm,0.20088026
ZTF19abzvvkb,0.047066886
ZTF19abzplvm,0.09265143
ZTF19abztknu,0.38807648
ZTF19abzzgec,0.22289142
ZTF19abzzhgx,0.11221604
ZTF19abzulhk,0.07496051
ZTF19acaiylt,0.18402722
ZTF19acanzwg,0.3499189
ZTF19abzzuyl,0.24067615
ZTF19acardcs,0.61894006
ZTF19acaotrk,0.12226659
ZTF19acbhvgi,0.31379542
ZTF19acapeun,0.1541441
ZTF19acbiwjk,0.1186215
ZTF19acazaug,0.18839738
ZTF19acbjlnt,0.19768651
ZTF19acaxcwg,0.19989966
ZTF19acbpzir,0.19526891
ZTF19acbkczc,0.09215516
ZTF19acbpwwg,0.22692807
ZTF19acbacvu,0.20750985
ZTF19acbvisk,0.18882567
ZTF19acbswdq,0.12869613
ZTF19acchjle,0.2234538
ZTF19acbmddl,0.25717926
ZTF19acbmjrp,0.050022673
ZTF19acbmojx,0.05109264
ZTF19acbmqpu,0.09224592
ZTF19acbonaa,0.22068712
ZTF19acbmxky,0.2472953
ZTF19acbpqvc,0.3129477
ZTF19acbrzzr,0.1668594
ZTF19acazbqm,0.24568658
ZTF19acbunmk,0.100399844
ZTF19acbwouf,0.120608434
ZTF19acbqzvu,0.08033633
ZTF19acbykmk,0.05662403
ZTF19acckggd,0.13627984
ZTF19acbnhkd,0.06910052
ZTF19acbzgog,0.7381002
ZTF19acchaza,0.7027421
ZTF19accbeju,0.18991603
ZTF19acchink,0.22410227
ZTF19acchtyp,0.11175043
ZTF19accjnpz,0.05852062
ZTF19accmboe,0.31799272
ZTF19accmxtw,0.21268116
ZTF19acctwpz,0.18071952
ZTF19accuyyg,0.4150541
ZTF19acdsqir,0.3910719
ZTF18accjdgs,0.21217355
ZTF19acdtpow,0.15836017
ZTF19aceckht,0.6757934
ZTF19accobqx,0.23474358
ZTF19acdabep,0.7126923
ZTF19acgemzm,0.24560672
ZTF19aceshib,0.105181634
ZTF19acetxvq,0.045807887
ZTF19acewotx,0.14373823
ZTF19acexijn,0.16822226
ZTF19acfejbj,0.33541283
ZTF19acgonwy,0.20908493
ZTF19acdxlns,0.17740603
ZTF19aceuacu,0.15583324
ZTF19acftfav,0.08567593
ZTF19acfthre,0.29763347
ZTF19acewuwn,0.16954735
ZTF19acgaxej,0.1177755
ZTF19acfmwlh,0.2374009
ZTF19acgcxop,0.22582375
ZTF19acgfhfd,0.63675773
ZTF19acftude,0.14942722
ZTF19acgbzam,0.26414466
ZTF19acgjnfz,0.32165048
ZTF19acgjojy,0.35100615
ZTF19acgjosf,0.30645245
ZTF19acgjpgh,0.24160762
ZTF19acfsqjx,0.17983168
ZTF19acgbkzr,0.09091049
ZTF19acfwynw,0.4187958
ZTF19acgmkrt,0.03338768
ZTF19achagst,0.10226279
ZTF19acmbhvv,0.3411146
ZTF19achajnc,0.3350473
ZTF19acgqjln,0.1693086
ZTF19acgrbeb,0.40098175
ZTF19acgpqxt,0.14641047
ZTF19achtewn,0.20140502
ZTF19ackzvdp,0.22366996
ZTF19acignlo,0.5793901
ZTF19acihgng,0.06918936
ZTF19ackjjwf,0.30634648
ZTF19acitkzs,0.50605184
ZTF19acjuomg,0.06329101
ZTF19acifuyf,0.15548198
ZTF19achejoc,0.20641312
ZTF19acjtkha,0.19095692
ZTF19acjwdnu,0.08823632
ZTF19acjjwsy,0.10769592
ZTF19acngsnb,0.60131645
ZTF19aclljyq,0.09107081
ZTF19aclobbu,1.1719272
ZTF19aclofmz,0.07368385
ZTF19aclthzj,0.053272076
ZTF19acmbiad,0.59188247
ZTF19acjwqvo,0.22915938
ZTF19aclyezb,0.21953216
ZTF19acmwkul,0.4595882
ZTF19acnfjyw,0.1220792
ZTF19acnzkph,1.0102018
ZTF19acnjwgm,0.34741342
ZTF19acoaiub,0.39800102
ZTF19acpmuwu,0.12568696
ZTF19acnkeji,0.11316023
ZTF19acojuzv,0.36585233
ZTF19acojxzo,1.7346436
ZTF19acordoi,0.30044818
ZTF19acpgaet,0.37029448
ZTF19acoaoty,0.32871598
ZTF19ackjrru,0.2611936
ZTF19acqprad,0.26144865
ZTF19acqypso,0.60938925
ZTF19acrdqej,0.3430157
ZTF19acmgyka,0.15155648
ZTF19acwbhih,0.16768138
ZTF19acqxoll,0.5206738
ZTF19acrbyzj,0.3196061
ZTF19acrcxri,0.08857975
ZTF19acbwejj,0.8503156
ZTF19acruqph,0.18093373
ZTF19acrwvao,0.4616969
ZTF19acryurj,0.20045377
ZTF22abaucrh,0.66812915
ZTF19acszmgx,0.16242963
ZTF19actldas,0.12744552
ZTF19actnwtn,1.1569514
ZTF19actnyae,0.19647332
ZTF19acvrigb,1.0823667
ZTF19acukucu,0.065786615
ZTF19acuybzx,0.26110786
ZTF19acvgjme,0.21957728
ZTF19acvmcdd,0.33172038
ZTF19acxovyh,0.42505807
ZTF19acwrrvg,0.18617474
ZTF19actfxcd,0.16841911
ZTF19acvrjzd,0.64957345
ZTF19abtcapa,0.11564398
ZTF19acwrqtv,0.11574714
ZTF19acvwllm,0.24685617
ZTF19acwrujg,0.31220925
ZTF19acxnemy,0.9079906
ZTF19acxphhl,0.54046035
ZTF19acxxwrs,0.78898853
ZTF19acxndsk,0.17423621
ZTF19acyjviz,0.23504002
ZTF19acxowrr,0.1391312
ZTF19acxrihd,0.15513727
ZTF19acxyumq,0.26516154
ZTF19acxyfkf,0.07445267
ZTF19acyfkbf,0.17961828
ZTF19acygjmg,0.18611787
ZTF19acygjgx,0.28391844
ZTF19acyfakk,0.052840266
ZTF19acyitga,0.16503702
ZTF19aczjsqn,0.53477937
ZTF19acyjysk,0.14553565
ZTF19acykjcw,0.13110971
ZTF19acyksfd,0.2041297
ZTF19acyldun,0.22478771
ZTF19acytidb,0.16566415
ZTF19acynije,0.21578586
ZTF19aczllns,0.12794618
ZTF19acyogvo,0.2918491
ZTF19acyqwlm,0.51932997
ZTF19acykqyr,0.10541674
ZTF19acytcsg,0.31097847
ZTF19acxxwiz,0.17779763
ZTF19adavzew,0.32384244
ZTF19acyogrm,0.60765386
ZTF19aczlldp,0.20884609
ZTF19aczrmvs,0.24139546
ZTF19adafqoe,0.20026526
ZTF19adaivcf,0.39484698
ZTF19adajqcq,0.14039993
ZTF19adajqwl,0.17230983
ZTF19acyjjni,0.44356316
ZTF19acyqdxa,0.14125168
ZTF20aacbyec,0.34017095
ZTF19adcfsad,0.2514085
ZTF19adcecwu,0.26765147
ZTF19adbnfne,0.075131066
ZTF19adbnlki,0.15121509
ZTF19adbpulv,0.17878348
ZTF19adbricc,0.6596431
ZTF20aabconi,0.27844113
ZTF19adbsblp,0.08446732
ZTF19adcdgca,0.17328529
ZTF19adcdrng,0.056568746
ZTF19adcdzjm,0.058113303
ZTF19adcetym,0.12168562
ZTF19adcfsoc,0.5998816
ZTF18aaizerg,0.57493454
ZTF19adcdtkw,0.15281393
ZTF20aaaxacu,0.24243636
ZTF19adccrca,0.22243562
ZTF19adcdtyy,0.26232544
ZTF20aaaddgy,0.24690099
ZTF20aaactgu,0.09236845
ZTF20aaavvlv,0.27693203
ZTF20aaaxrad,0.27563196
ZTF20aaawmxq,0.16745208
ZTF20aabcouv,0.107273325
ZTF20aabqdbo,0.22545701
ZTF20aabqiav,0.13709292
ZTF20aabqihu,0.14425002
ZTF20aabqisb,0.42500037
ZTF20aaayaet,0.09578503
ZTF20aabqjht,0.27896973
ZTF20aadcdzj,0.11317987
ZTF20aadchdd,0.30053654
ZTF20aacevxq,0.12697518
ZTF20aacbtgq,0.06954458
ZTF20aadvaoi,0.1336835
ZTF20aaczkyw,0.20587538
ZTF20aadcitq,0.17358492
ZTF20aadfyjl,0.09318023
ZTF20aadxrvb,0.30894557
ZTF20aadxvfj,0.12778029
ZTF20aadyyvk,0.34563595
ZTF20aaifybu,0.51419896
ZTF20aadvunl,0.2543187
ZTF20aafrjqw,0.10446089
ZTF20aadyukn,0.23528369
ZTF20aaelulu,0.7865262
ZTF20aabbvcx,0.0473622
ZTF20aaeopvv,0.085640304
ZTF20aaeoqqd,0.44498053
ZTF20aaepsqa,0.23338802
ZTF20aaerqjd,0.2584182
ZTF20aaerxsd,0.10664991
ZTF20aaertpj,0.10480298
ZTF20aaesewy,0.15234756
ZTF20aaetrle,0.21984038
ZTF20aaetvkh,0.21995245
ZTF20aaeuxqk,0.12611605
ZTF20aaevbvv,0.15898232
ZTF20aaeszsm,0.17924048
ZTF20aaezizk,0.14435999
ZTF20aafcgca,0.31782502
ZTF20aafcjln,0.4108673
ZTF20aafckit,0.1725668
ZTF20aafclqz,0.1500071
ZTF20aafclxb,0.63721925
ZTF20aaezaxk,0.19076179
ZTF20aaffgwg,0.22592399
ZTF20aafjjqj,0.3132731
ZTF20aafciit,0.09180676
ZTF20aafrihv,0.24248855
ZTF20aafsnpp,0.15405135
ZTF20aafvzhu,0.09992276
ZTF20aagfjlj,0.09297109
ZTF20aaghoqz,0.15164362
ZTF20aaghpdc,0.12080315
ZTF20aahpwym,0.12592876
ZTF20aagjpmt,0.1932847
ZTF20aaglivt,0.10182064
ZTF20aafcnem,0.255691
ZTF20aagnbpw,0.57823145
ZTF20aagloch,0.42563215
ZTF20aahbfmf,0.24709052
ZTF20aaieyuw,0.5389855
ZTF20aaghlkv,0.35869214
ZTF20aaghnxd,0.16427146
ZTF20aahqbun,0.14829859
ZTF20aahaxjl,0.26302952
ZTF20aahbamv,0.72090185
ZTF20aahdwze,0.11170302
ZTF20aahfobk,0.21088731
ZTF20aahgejq,0.18922824
ZTF20aahggbm,0.05993918
ZTF20aahptds,0.07448366
ZTF20aaieyup,0.20490584
ZTF20aahjymt,0.016882969
ZTF20aahkgcz,0.20306076
ZTF20aahpxzz,0.10506144
ZTF20aahqbib,0.19281252
ZTF20aahqbsr,0.12398883
ZTF20aahqcup,0.49834037
ZTF20aaifyrs,0.26208192
ZTF20aaifyvz,0.16664013
ZTF20aakzbfh,0.2934486
ZTF20aaifzfk,0.21627098
ZTF20aajbsxt,0.24850266
ZTF20aahzyep,0.20163657
ZTF20aaiqiti,0.16217574
ZTF20aaiaaoi,0.17041215
ZTF20aaichor,0.06215922
ZTF20aairvsi,0.048317783
ZTF20aajcdad,0.13804272
ZTF18aadzfso,0.08705637
ZTF20aalcyih,0.29860774
ZTF18aavrmlf,0.26902705
ZTF20aakbtyz,0.09578958
ZTF20aaknzba,0.09618769
ZTF20aakyoez,0.21740916
ZTF20aakodiq,0.3330256
ZTF20aakfofq,0.10373966
ZTF18adcdcrd,1.5055516
ZTF20aamdhut,0.55117166
ZTF20aalejtl,0.09550787
ZTF20aamamnp,0.10623862
ZTF20aalmeaj,0.3571295
ZTF20aamazzl,0.5324781
ZTF20aalrksw,0.45953605
ZTF20aalrptc,0.13078064
ZTF20aalrqbu,0.22336693
ZTF18abhgrff,0.62745893
ZTF20aajjxwc,0.6271871
ZTF18aaaibml,0.09175341
ZTF20aamfpcj,0.18273695
ZTF20aaljgcp,0.08582233
ZTF20aamaqak,0.15308711
ZTF20aalxlis,0.31757295
ZTF20aamiwbp,0.13116115
ZTF20aamerev,0.17483251
ZTF20aammnnm,0.121341616
ZTF20aambbfn,0.58921766
ZTF20aamdqiz,0.112851165
ZTF20aamgdkb,0.07593962
ZTF20aamdyal,0.17616622
ZTF18aaybfsd,0.24823196
ZTF20aammhli,0.37094805
ZTF20aamdsjv,0.24058047
ZTF20aammbrw,0.2548429
ZTF20aammtwx,0.5985262
ZTF20aamnvij,0.058905713
ZTF20aamqslk,0.07187559
ZTF20aamsjws,0.10171251
ZTF20aandwrl,0.1218325
ZTF20aamttiw,0.9395851
ZTF20aamttmo,0.17732365
ZTF20aamttni,0.4458173
ZTF20aaodkvl,0.26652783
ZTF20aamqmhj,0.45216888
ZTF20aansktb,0.3029202
ZTF20aanvqbi,0.39009792
ZTF20aanyxvu,0.59312665
ZTF20aannodx,0.22506532
ZTF20aaoojli,0.450064
ZTF20aaophpu,0.32224038
ZTF20aapchqy,0.8613638
ZTF20aanvsds,0.23248595
ZTF20aaowuim,0.39601076
ZTF20aapycrh,0.52204454
ZTF20aaoldej,0.21574293
ZTF20aapcmur,0.50721556
ZTF20aarbktd,0.2083553
ZTF20aasiwcu,0.65428394
ZTF20aaspvan,0.69431114
ZTF20aattqle,0.4485108
ZTF20aatqidk,0.23549663
ZTF20aattyuz,0.20840602
ZTF20aatqesi,0.5573496
ZTF20aatulug,0.112831414
ZTF20aatzwgk,0.4438854
ZTF20aattztb,0.21022452
ZTF18aakiwbs,0.509845
ZTF20aatxnxq,0.24424168
ZTF20aatzhhl,1.3582346
ZTF20aauvbez,0.19523041
ZTF20aaumsrr,0.19585855
ZTF20aauoktk,0.23448832
ZTF20aayxdse,0.35205844
ZTF20aauombk,0.052665573
ZTF20aauooag,0.11213355
ZTF20aauowam,0.1769863
ZTF18aajivpr,0.33616778
ZTF20aauqhka,0.17105903
ZTF21abbomrf,0.2414245
ZTF20aaurucm,0.101079375
ZTF20aauvjws,0.1357074
ZTF20aausxam,0.16167486
ZTF20aautzif,0.20892486
ZTF20aaurhio,0.209356
ZTF20aaurgib,0.3242704
ZTF20aauuiri,0.18581127
ZTF20aavhixe,0.16803393
ZTF20aawijco,0.27226067
ZTF20aaurexl,0.071400635
ZTF20aaurfcm,0.21887515
ZTF20aaurfhs,0.087775126
ZTF20aaurfwa,0.4105032
ZTF18aaoxrup,0.17128542
ZTF20aavhire,0.10292223
ZTF20aautscv,0.058472604
ZTF18aakkrjm,0.382845
ZTF20aautzig,0.19856274
ZTF20aaurjbj,0.17899804
ZTF20aauwhyi,0.31424916
ZTF20aavdgib,0.21112414
ZTF20aauwjmw,0.22170283
ZTF20aauvmix,0.15579934
ZTF20aaurzce,0.86533606
ZTF20aavrukn,0.10223174
ZTF18aarikzk,0.07904566
ZTF20aaurknv,0.31969795
ZTF20aavcvrm,0.2598431
ZTF20aavdcxo,0.1607894
ZTF20aavhyel,0.26025203
ZTF18aawpwlf,0.16747059
ZTF20aavnnkm,0.16894355
ZTF20aavpnlv,1.9385647
ZTF20aavfwdo,0.105242305
ZTF20aavzffg,0.19142395
ZTF20aavrzha,0.8041395
ZTF20aavrloz,0.23128472
ZTF20aavnnat,0.31381494
ZTF20aavnnqo,0.16738619
ZTF20aavnnzx,0.10119753
ZTF20aavpnqt,0.07655974
ZTF20aavptjf,0.098621085
ZTF20aavpyxo,0.14499094
ZTF20aavqfli,0.08871462
ZTF20aavrkxw,0.20164345
ZTF20aavzlxm,0.060756568
ZTF20aavtdxj,0.07379891
ZTF20aavvaup,0.25950617
ZTF20aawoojh,0.2792541
ZTF20aawgrcu,0.29217872
ZTF20aawdjlp,0.16252397
ZTF20aaxablt,0.32738894
ZTF20aawmlfq,0.14569741
ZTF20aaxccrm,0.34596556
ZTF20aaxhzhc,0.25889403
ZTF20aaxxcms,0.53818065
ZTF20aawxsit,0.10162252
ZTF20aawqywr,0.10712791
ZTF20aaxahpk,0.203709
ZTF20aaxfzhw,0.12503472
ZTF20aaxicpu,0.0525988
ZTF20aaxxepr,0.080486484
ZTF20aaxmtxg,0.14372359
ZTF20aaxndzx,0.16144758
ZTF20aaxuwuh,0.051703185
ZTF18aahatvc,0.20022099
ZTF20aaxvzja,0.32216567
ZTF20aayjyhp,0.119813025
ZTF20aaxunbm,0.07774882
ZTF18aangpkx,0.40067384
ZTF20aayjxdv,0.4319363
ZTF20aayknlo,0.102731965
ZTF20aaynrrh,1.7058215
ZTF20aaybvye,0.17456378
ZTF20aayprqz,0.30928895
ZTF18aahvndq,0.1831498
ZTF20aayvymx,0.135173
ZTF20aayxldg,0.27002034
ZTF20aazdsjr,0.20490277
ZTF20aazdsty,0.33875754
ZTF20aazgtmp,0.2474261
ZTF20aazgxgk,0.09232678
ZTF20aayvubx,0.25499243
ZTF20aazhyrs,0.17218512
ZTF20aazhzna,0.19165751
ZTF20aazkjfv,0.25099862
ZTF20aazhtvi,0.06951579
ZTF20aazkxcw,0.23791634
ZTF20aaznpor,0.11758357
ZTF20acnwjwp,1.0059847
ZTF20aazoqmh,0.1908422
ZTF20aazpaki,0.3410038
ZTF20aazrxef,0.14304402
ZTF20aazjwgh,0.16333967
ZTF20aazpwen,0.10014723
ZTF20aazooyu,0.11603495
ZTF20aazswwk,0.21923557
ZTF20aazpyhy,0.1695479
ZTF20aazquhc,0.2749567
ZTF20aazstdx,0.2071586
ZTF20aazsyvu,0.13869545
ZTF20aazymxi,0.2695211
ZTF20abaknoz,0.24396998
ZTF20abatows,0.06256953
ZTF20abapyxl,0.196979
ZTF20abatmsa,0.17611338
ZTF20abawgdl,0.09028082
ZTF20abajdvf,0.2010782
ZTF20abafzxx,0.16625822
ZTF20abahhml,0.2989513
ZTF20abasxmb,0.7294514
ZTF20abatdly,0.040957063
ZTF20abavnaw,0.27271953
ZTF20abavxpk,0.20076223
ZTF20abazekd,0.56200296
ZTF20abazgfi,0.07587232
ZTF20abbrptu,0.5120648
ZTF20abasqfx,0.024705894
ZTF18abhbqbh,0.06116087
ZTF20abajtzc,0.30986398
ZTF20abatfzl,0.07016781
ZTF20abbpory,0.101248026
ZTF20abbhyxu,0.123772934
ZTF20abaunmw,0.92145723
ZTF20abblqtl,0.06134169
ZTF20abbpkng,0.191318
ZTF20abawtpy,0.20970865
ZTF20abccojn,0.1731175
ZTF20abbplei,0.13013043
ZTF20abbpkpa,0.1646442
ZTF20abcgjvq,0.114812724
ZTF20abbihor,0.18857986
ZTF20abcsbux,0.104892865
ZTF20abctyza,0.08312368
ZTF20abbozif,0.18979934
ZTF20abccixp,0.3106223
ZTF20abcgkom,0.13195212
ZTF20abchhuw,0.35582367
ZTF20abcbxpj,0.10047272
ZTF20abdtiti,0.3583294
ZTF19abkrbjt,0.15350322
ZTF20abcsjtx,0.10804608
ZTF20abdajyr,0.11013004
ZTF20abcwuwg,0.1119466
ZTF20abcqpdj,0.42115766
ZTF20abdxuew,0.2679894
ZTF20abdsunu,0.12486298
ZTF20abdxffu,0.26865286
ZTF20abdxoeu,0.27276543
ZTF20abdxouw,0.12161158
ZTF20abdxyae,0.113515005
ZTF20abdzrxo,0.101375006
ZTF20abefbnz,0.07960634
ZTF20abefdvd,0.23133893
ZTF20abedydu,0.2936924
ZTF20abedygm,0.16691326
ZTF20abedyov,0.32267115
ZTF20abeeyre,0.11207283
ZTF20abeeyrs,0.07676108
ZTF20abeeytg,0.21726306
ZTF20abefaya,0.10130682
ZTF20abefbpl,0.5333941
ZTF18aaiykoz,0.12956911
ZTF20abegate,0.107862025
ZTF20abeqsrm,0.12418362
ZTF20abefzfc,0.06982025
ZTF20abeglzu,0.20114699
ZTF20abeeahl,0.19998424
ZTF20abehvas,0.15820327
ZTF20abekbzp,0.12900068
ZTF20abekcdt,0.057474736
ZTF20abegopd,0.36179104
ZTF20abeldyn,0.11106023
ZTF20abeljuj,0.29490957
ZTF20abelnha,0.13028802
ZTF20abeoicg,0.6148098
ZTF20abeolig,0.08024351
ZTF20abeolsw,0.14927855
ZTF20abejvpr,0.118107595
ZTF20abfhzhm,0.0782376
ZTF20abfadah,0.25065598
ZTF20abewogd,0.07296797
ZTF20abfklsy,0.20560762
ZTF18aarbaba,0.19408618
ZTF20abffaxl,0.19048293
ZTF20abfcrzj,0.14201207
ZTF20abfcsnk,0.52313656
ZTF20abfqeef,0.06554582
ZTF20abgfljj,0.07262142
ZTF20abgoocl,0.10900864
ZTF20abfsemq,0.1592158
ZTF20abfemvr,0.1681088
ZTF20abfybms,0.68324256
ZTF20abfyriw,0.58968604
ZTF20abgdtmv,0.20350234
ZTF20abgbxfm,0.07510453
ZTF20abgbxzn,0.2555853
ZTF20abgdspk,0.1637088
ZTF20abgfekk,0.17562129
ZTF20abgwfek,0.50395477
ZTF20abgwgqj,0.114656575
ZTF20abgevcw,0.22312024
ZTF20abguygh,0.14070633
ZTF20abgijph,0.08359533
ZTF20abgpksj,0.084634
ZTF20abgbwmt,0.7571069
ZTF20abgzvff,0.12259082
ZTF20abjyoty,0.5097477
ZTF20abgfvav,0.10726113
ZTF20abhrmxh,0.14869715
ZTF20abhlncz,0.1379057
ZTF20abjbgjj,0.28391147
ZTF20abhvnzc,0.19363426
ZTF20abhzgly,0.14777562
ZTF20abhmnom,0.07754024
ZTF20abisvtr,0.08740873
ZTF20abixkhh,0.17152552
ZTF20abipuee,0.10935338
ZTF20abjaapj,0.07552875
ZTF20abjatqy,0.12778452
ZTF20abjbiqf,0.0894273
ZTF20abjlaim,0.21258041
ZTF20abjcuep,0.11270558
ZTF20abjonjs,0.32667997
ZTF20abjwuju,0.12440318
ZTF20abjuxoy,0.3095332
ZTF20abjpvce,0.48805672
ZTF20abjubmm,0.068702765
ZTF20abjwuuv,0.058912843
ZTF20abjwvdh,0.1954265
ZTF20abjkvyt,0.13275325
ZTF20abkcril,0.051923517
ZTF20abkdpsy,0.21777725
ZTF20abkacis,0.093373984
ZTF20abjxrhg,0.124835804
ZTF20abkfhzy,0.19241364
ZTF20abkgypx,0.104576394
ZTF20abjxwga,0.13900664
ZTF20ablnjvp,0.29436368
ZTF20abkzhpk,0.06786221
ZTF20abkrwdu,0.05730381
ZTF19aaphntn,0.07711504
ZTF20ableiem,0.20215724
ZTF20ablklei,0.28990325
ZTF20ablkswc,0.32298592
ZTF20ablqbvc,0.0775775
ZTF20abmihnc,0.15336435
ZTF19aaarhtg,0.38765076
ZTF20ablxtlp,0.23769768
ZTF20ablygyy,0.6518533
ZTF20abmapla,0.0883812
ZTF20abmcxct,0.32275757
ZTF20abmdfcy,0.10797414
ZTF20abmectx,0.07191164
ZTF20abmudrv,0.3622692
ZTF20abmxstg,0.12120279
ZTF20abmsxxr,0.118670635
ZTF20abmbycd,0.07603326
ZTF20abmxovj,0.15687977
ZTF20abndzyc,0.04683606
ZTF20abndopb,0.04650475
ZTF20abmbxrq,0.096170835
ZTF20abnmahn,0.25098515
ZTF20abmzfql,0.20176603
ZTF20abmxtnh,0.10726296
ZTF20abobpcb,0.823353
ZTF20abodgpt,0.22315615
ZTF20aboquuv,0.21818155
ZTF20abonvte,0.14849678
ZTF20abpglei,0.07356447
ZTF20abpuijn,0.17425585
ZTF20abnrdse,1.2198135
ZTF20abptxls,0.26504937
ZTF20abpeyat,0.11105173
ZTF20abowpvf,0.3064093
ZTF20abpmqnr,0.23656543
ZTF20abpuxna,0.32699317
ZTF20abpuyau,0.1751506
ZTF20abpvolc,0.16392863
ZTF20abqcvtk,0.09889664
ZTF20abqaqgv,0.36346278
ZTF20abpyplw,0.18108253
ZTF20abpyxja,0.14631487
ZTF20abpqdgh,0.109881476
ZTF20abqdkne,0.41373628
ZTF20abqbzuv,0.26860502
ZTF20abqetet,0.16908285
ZTF20abqefja,0.23325337
ZTF20abqgzhh,0.22300947
ZTF20abqgbum,0.11785503
ZTF20abqlawg,0.14182866
ZTF20abrnvwf,0.08335114
ZTF20abqmtsh,0.20579086
ZTF20abqofgc,0.11430789
ZTF20abqhsxb,0.40259847
ZTF20abrgzfn,0.19573915
ZTF20abqosnh,0.06951156
ZTF20abquppg,0.24825463
ZTF20abrdvpj,0.24108277
ZTF20abswdbg,0.23448879
ZTF20abqferm,0.18048832
ZTF20abrnavu,0.10557768
ZTF20abrnklh,0.5674051
ZTF18abqyaix,0.25232664
ZTF20abrgyhd,0.17360698
ZTF20abuqali,0.18347271
ZTF18aatrkga,0.18333396
ZTF20abtfnpl,0.1446778
ZTF20absvtnc,0.13942204
ZTF20abtjjhb,0.18233499
ZTF20abrnvnn,0.20612806
ZTF20absvwdh,0.45212176
ZTF20abqlgtv,0.13772994
ZTF20abszyjg,0.1270719
ZTF20abuusst,0.40334374
ZTF20abtctgr,0.7516727
ZTF20abtsecq,0.09990519
ZTF20abtnpwt,0.07119917
ZTF20abthxfr,0.07774373
ZTF20abtkjfw,0.223416
ZTF20abpuwxl,0.774089
ZTF20abvyauy,0.13915011
ZTF20abqlmwn,1.33404
ZTF20abuojuw,0.432617
ZTF20abupbub,0.09216094
ZTF20absfrbq,0.14359568
ZTF20abswjae,0.42910156
ZTF20abucvpo,0.124495134
ZTF20abujoya,0.15296926
ZTF20abucjsa,0.73977846
ZTF20abvvnqh,0.15945335
ZTF20abusrwm,0.2485582
ZTF20abvowvw,0.2933602
ZTF20abvqibv,0.4623413
ZTF20abvquuo,0.24217853
ZTF20abwdaeo,0.10178749
ZTF20abvtozi,0.14498962
ZTF20abvyare,0.19215609
ZTF20abwavab,0.107169114
ZTF20abweedo,0.13412187
ZTF20abwkqxd,0.18660463
ZTF20abvykmy,0.081870995
ZTF20abushtf,0.30389965
ZTF20abwaoey,0.09331126
ZTF20abwcnhm,0.13220055
ZTF20abyfgri,0.14452812
ZTF20abwktfx,0.2608129
ZTF20abwdwoa,0.0950736
ZTF20abwrcmq,0.17930083
ZTF20abwynwj,0.2316244
ZTF20abwzqzo,0.13703562
ZTF20abwxywy,0.071188055
ZTF20abxpzxg,0.18885851
ZTF20abxfiev,0.46641782
ZTF20abxezim,0.18120776
ZTF20abxpoxd,0.5462731
ZTF20abxgxjd,0.3341879
ZTF20abxgwjr,0.17230614
ZTF20abxjefm,0.05697381
ZTF20abyiohf,0.12721355
ZTF20abxidyb,0.084922664
ZTF20abxyfye,0.12224577
ZTF20abxrsjb,0.21041727
ZTF20abygigy,0.07450391
ZTF20abwftit,0.097449616
ZTF20abxmwwd,0.30230224
ZTF20abywoaa,0.099504404
ZTF20abxzrqw,0.075572684
ZTF20abyjopm,0.122069865
ZTF20abyfmjr,0.1186095
ZTF20abywpkl,0.24843098
ZTF20abyiycy,0.07886269
ZTF20abyqdyg,0.2547106
ZTF20abylbuf,0.21164142
ZTF19acwqvvn,0.19509073
ZTF20abyptpc,0.41979024
ZTF20abyppuk,0.1484337
ZTF20abyjoxb,0.12724195
ZTF20abyvtds,0.10184923
ZTF20abyxjvm,0.11787536
ZTF20abywspv,0.10483408
ZTF20aborzxc,0.71606404
ZTF20abywsut,0.32029173
ZTF20abywydb,0.17558128
ZTF20abyznqs,0.23574647
ZTF20abyzomt,0.2147329
ZTF20abyzoof,0.38504866
ZTF20acaczen,0.065779746
ZTF20abyyfmw,0.5489225
ZTF20abyzbxa,0.10575663
ZTF20abyjpxx,0.0955876
ZTF20abyxnjo,0.13551931
ZTF20abyzprl,0.19340648
ZTF20abjfufv,0.06908177
ZTF20abzcokv,0.075809315
ZTF20abyzgzj,0.07939
ZTF20abyskia,0.17760281
ZTF20abzjads,0.07170415
ZTF20abzjvse,0.11502579
ZTF20abzjpsv,0.32025355
ZTF20abzbfct,0.17581691
ZTF20abzjoxd,0.16426112
ZTF20abzoeiw,0.12455711
ZTF20abyxuky,0.1724631
ZTF20acberbd,0.09031595
ZTF20abzgegm,0.13369456
ZTF20abzaknn,0.15087976
ZTF20abzjcdg,0.14694928
ZTF20abzvxyk,0.12917626
ZTF20abzpxxu,0.33643815
ZTF20acauthg,0.1567919
ZTF20acberfr,0.25432533
ZTF20acbekkx,0.14773898
ZTF20accbsxa,0.17014316
ZTF20acbttnt,0.2012192
ZTF20acajvrj,0.076810285
ZTF20acbakkg,0.5150743
ZTF20acbovrt,0.12721726
ZTF20acbnoqi,0.14960848
ZTF20accovje,0.08436653
ZTF20achvdtx,0.18582448
ZTF20acdnmpv,0.07691237
ZTF20accagnf,0.08906404
ZTF20accdijx,0.18291679
ZTF20acbeanu,0.07237106
ZTF20accodxy,0.20670824
ZTF20accrldu,0.15929028
ZTF20accsfkt,0.3063057
ZTF20acggzxc,0.2124826
ZTF20accxqqo,0.118236
ZTF20accxzmn,0.059575174
ZTF20accmutv,0.8334903
ZTF20acdafau,0.20353004
ZTF20acdalpf,0.07562603
ZTF20acchxpm,0.080019705
ZTF20abzbtgm,0.43632337
ZTF20acdqjeq,0.08691499
ZTF20acectxy,0.15295918
ZTF20acedqis,0.116886325
ZTF20acezpem,0.15926023
ZTF20acfdmex,0.31776202
ZTF20aceeeuz,0.14869037
ZTF20aceyolc,0.16394635
ZTF20acfasbq,0.069659255
ZTF20aceqoer,0.07181746
ZTF20acflmyv,0.36356053
ZTF20acfnuee,0.054274935
ZTF20acfviac,0.11945053
ZTF20acfvsze,0.20918691
ZTF20acfqngt,0.23440677
ZTF20acfaonm,0.06427553
ZTF20acfvgdp,1.2151254
ZTF20acfucwr,0.37451932
ZTF20acfkyll,0.12072919
ZTF20acgbkji,0.17466967
ZTF20acgided,0.2494334
ZTF20acgmvsn,0.046987925
ZTF20acgdycd,0.15741514
ZTF20acgremo,0.26024756
ZTF20acgprcg,0.03393121
ZTF20acgigfo,1.8076934
ZTF20acgiglu,0.17439553
ZTF20achbkud,0.04644971
ZTF19aarmtgu,0.12551649
ZTF20acgkuay,0.26498368
ZTF20acggxac,0.25636405
ZTF20acfwrln,0.3578803
ZTF20acgpqqr,0.04694874
ZTF20acgnbvv,0.120752476
ZTF20acgmqgv,0.16081806
ZTF20acgnelh,0.17251632
ZTF20acgnenc,0.111357376
ZTF20acgnrqu,0.19611727
ZTF20achdwmq,0.06331628
ZTF20achlced,0.95878595
ZTF20acgyvgs,0.16971168
ZTF20acgzjje,0.120038
ZTF20achbekh,0.07653173
ZTF20achsoln,0.29166606
ZTF20achbejn,0.13478287
ZTF20achdcni,0.05906492
ZTF20achkgng,0.12528977
ZTF20achksbc,0.16341229
ZTF20acgsvwb,0.08248087
ZTF20achfdib,0.21445017
ZTF20achstwk,0.06853467
ZTF20achmgee,0.066572465
ZTF20achadaa,0.07600805
ZTF20acgznau,0.05541561
ZTF20achncxi,0.0737928
ZTF20achptde,0.062094048
ZTF20acveyyv,0.3884983
ZTF20achawym,0.13525425
ZTF20achrklb,0.06906122
ZTF20achsfcq,0.30027306
ZTF20achtpbn,0.06911012
ZTF20achtxbi,0.08201251
ZTF20achtzug,0.04475145
ZTF20acgnzhj,0.07897042
ZTF20achnfaa,0.08859224
ZTF20achusux,0.23454784
ZTF20aciubjh,0.26849726
ZTF20achncvv,0.39623684
ZTF20acitpfz,0.22693461
ZTF20achvmoj,0.21409033
ZTF20achwpvs,0.07465509
ZTF20achzugy,0.034669213
ZTF20aciaxil,0.13657261
ZTF20achncqp,0.07910819
ZTF20aciowcm,0.035757747
ZTF20aciievv,0.36527354
ZTF20acikuon,0.09211228
ZTF20acjfimy,0.047555346
ZTF20acisbek,0.16125746
ZTF20acitbmh,0.14682274
ZTF20acithxf,0.11861132
ZTF20acitoie,0.27008387
ZTF20aciuakv,0.06513023
ZTF20aciubfx,0.086847216
ZTF20aciudrr,0.044819508
ZTF20aciugdl,0.06357141
ZTF20acjhhqx,0.06085389
ZTF20aciwrpn,0.05153158
ZTF20acixidp,0.1586115
ZTF20acizliy,0.11679983
ZTF20acjbhhp,0.12600045
ZTF20acjlkpe,0.11513657
ZTF20acjutba,0.042558238
ZTF20ackdkva,0.045739885
ZTF20acjzzyr,0.14447306
ZTF20ackhzba,0.07313667
ZTF20ackkejs,0.11322315
ZTF20aclkcuu,0.12887487
ZTF20acknpig,0.2285074
ZTF20aclnsts,0.09358614
ZTF20acklcyp,1.497399
ZTF20aclgnds,0.04692349
ZTF20aclftuo,0.10455228
ZTF20ackitai,0.061889857
ZTF20acmafkf,0.0519614
ZTF20aclkvjy,0.078201324
ZTF20acjetyf,0.22507474
ZTF20aclkuqh,0.13869442
ZTF20aclnqle,0.61949587
ZTF20aclwowi,0.12203662
ZTF20aclxbwk,0.3413905
ZTF20aclzegl,0.12754866
ZTF20acmaaan,0.2537659
ZTF20acmddof,0.28603452
ZTF20aclflxd,0.36057648
ZTF20acpyldh,0.45939592
ZTF20acnsinb,0.12791489
ZTF20acnywhz,0.23816036
ZTF20acnsgdb,0.045953557
ZTF20acnigox,0.050729744
ZTF20acmzoxo,0.14411755
ZTF20acmfacr,0.12255053
ZTF20aclggpx,0.36652344
ZTF20acobvxk,0.07929942
ZTF20acnviyk,0.21255478
ZTF20acngnrs,0.19329864
ZTF20acoqpbg,0.07064623
ZTF20acogesf,0.16427766
ZTF20acojxtb,0.060645744
ZTF20acocohy,0.20647272
ZTF20acnyxln,0.10167759
ZTF20acnzkxb,0.16012459
ZTF20acntqoh,0.13715172
ZTF20acoaqpm,0.038257126
ZTF20acobevy,0.22591613
ZTF20acobxlz,0.06551818
ZTF20acpbbqf,0.1410109
ZTF20acoxdas,0.18597472
ZTF20acowddo,0.10222133
ZTF18abrfccm,0.31834602
ZTF20acoqlav,0.044881135
ZTF20acoqlrd,0.113168955
ZTF20acoykif,0.21787585
ZTF20acorjop,0.107589155
ZTF20acordqz,0.17033999
ZTF20acowata,0.08468706
ZTF20acphccy,0.08355413
ZTF18aadsuxd,0.08074131
ZTF20acovdho,0.28325266
ZTF20acoojba,0.24583821
ZTF20acpcuwx,0.11412572
ZTF20acowuix,0.051835667
ZTF20acnznms,0.6108994
ZTF20acoxmsr,0.22121313
ZTF20acopmey,0.113217
ZTF20acoyvdg,0.03826747
ZTF20acoyyly,0.09732772
ZTF20acoyfpk,0.48518077
ZTF19aanbpus,0.18171461
ZTF20acpbboa,0.34842342
ZTF20acpevli,0.14283966
ZTF20acpgnej,0.05528393
ZTF20acpgokr,0.15063193
ZTF20acovrzx,0.23312102
ZTF20acowpur,0.062283825
ZTF20acpkqhq,0.13383083
ZTF20acpkjsn,0.113327555
ZTF19acwiqrc,0.05490773
ZTF20acpgzif,0.041237324
ZTF20acpvxmk,0.66688603
ZTF20acpqbfu,0.25863767
ZTF20acphbem,0.16724165
ZTF20acpjfln,0.16685215
ZTF20acpjqxp,0.32130268
ZTF20acpkses,0.09829551
ZTF20acpksoc,0.07199099
ZTF20acpkled,0.11539884
ZTF20acpknjk,0.17851257
ZTF20acpkpla,0.04806959
ZTF20acpkprl,0.13193221
ZTF20acpkzxq,0.055323202
ZTF20acplhku,0.25983244
ZTF20acqgklx,0.28855637
ZTF20acpmgdz,0.15996698
ZTF20acpqagp,0.16489251
ZTF20acplqek,0.099857055
ZTF20acqksdi,0.15701964
ZTF20acpujxl,0.09642007
ZTF20acpumut,0.021934198
ZTF20acphdcg,0.98221153
ZTF20acqelhh,0.072628796
ZTF20acphdbu,0.16418986
ZTF20acquetr,0.13645698
ZTF20acpwjus,0.14336045
ZTF20acpwmui,0.050407585
ZTF20acphcdv,0.116489656
ZTF20acpxvez,0.057952512
ZTF20acpyaap,0.18161371
ZTF20acqvgav,0.037272073
ZTF20acpvbbh,0.1979966
ZTF20acpklpq,0.057240393
ZTF20acqlfwb,0.07745548
ZTF20acrdemq,0.044343013
ZTF20acqqdkl,0.46499997
ZTF20acqzpta,0.10035011
ZTF20acqzjqz,0.10045733
ZTF20acrerzb,0.21909297
ZTF20acqfssi,0.3550129
ZTF20acrbpqd,0.093995996
ZTF20acrufey,0.17032708
ZTF20acrheie,0.27613345
ZTF20acrqeje,0.1676237
ZTF20acrrssy,0.094032064
ZTF20acrudzk,0.053981803
ZTF20acrxrfv,0.16753948
ZTF18aacnlxz,0.11279407
ZTF20acsesce,0.13196677
ZTF20acsfdnn,0.28830606
ZTF20actawpa,0.23670237
ZTF20actddoh,0.14122553
ZTF20actekrw,0.112101346
ZTF20actfeym,0.07390241
ZTF20actpuan,0.114268914
ZTF20actiymd,0.11737493
ZTF20actkmks,0.27729136
ZTF20actkulc,0.3016052
ZTF20actvpyc,0.090443425
ZTF20actnuls,0.08809831
ZTF20actoakx,0.34176838
ZTF20actpavu,0.18825462
ZTF20actpbck,0.10459727
ZTF20actpatx,0.05163983
ZTF20actdeqw,0.20497024
ZTF20actpqgc,0.06892821
ZTF20actqnhg,0.18479665
ZTF20actrovz,0.24593471
ZTF20actskcf,0.13375364
ZTF20acuzjqk,0.12177945
ZTF20actveqm,0.30040568
ZTF20actvlbq,0.27869835
ZTF20acucbek,0.3159464
ZTF20acugxbm,0.20874892
ZTF20acudkao,0.3315152
ZTF20acuhren,0.14503342
ZTF20acufmte,0.13236444
ZTF20acuimtq,0.30169415
ZTF20acuhgar,0.39797276
ZTF20actquzl,0.16390254
ZTF20acujaft,0.042667385
ZTF20acuosvy,1.6277043
ZTF20acueziy,0.1643577
ZTF20aculruc,0.13232625
ZTF20acumcrz,0.119478226
ZTF20acuoxrx,0.10831875
ZTF20acukxat,1.3387715
ZTF20acumxrh,0.06448092
ZTF20acumrio,0.22298706
ZTF20acuoclk,0.19945544
ZTF20acurrzb,0.1049892
ZTF20acurtpj,0.15438189
ZTF20acvjagm,0.54854757
ZTF20acusecr,0.30040792
ZTF20acusqsp,0.09424617
ZTF20acusneh,0.37000927
ZTF20acvkjrm,0.074786045
ZTF20acvebcu,0.14584082
ZTF20acuzlib,0.15845446
ZTF20acvagdq,0.15740182
ZTF20acvchhw,0.35747838
ZTF20acuzfpk,0.042816382
ZTF20acvdqtg,0.26532334
ZTF20acvejem,0.07570268
ZTF20acveadu,0.12539716
ZTF20acvevsn,0.4268901
ZTF20acuowxj,0.18663609
ZTF20acviwcr,0.18994279
ZTF20acviwgj,0.5946639
ZTF20acwcqnv,0.0816827
ZTF20acvjlev,0.24321963
ZTF20acwdnbw,0.24214946
ZTF20acwyihb,0.112355426
ZTF20acwcfvx,0.14627574
ZTF18aaisqmw,0.12905847
ZTF20acwfcfs,1.0141417
ZTF20acwqqjs,0.3167823
ZTF20acwgxhk,0.12890853
ZTF20acxdawc,0.84714454
ZTF20acvziuf,0.12896328
ZTF20acwkvgj,0.16689308
ZTF20acwkwqn,0.2943848
ZTF20acwmpsj,0.08148037
ZTF20acwoamm,0.21571873
ZTF20acwnrty,0.100278445
ZTF20acwobku,0.2408095
ZTF20acwozwz,0.24976444
ZTF20acwofhd,0.18909296
ZTF20acwpaov,0.19827764
ZTF20acwpfvq,0.092098005
ZTF20acwpixx,0.19827376
ZTF20acwqlpq,0.2095186
ZTF20acwncbd,0.17985608
ZTF20acwomqh,0.10365408
ZTF20acwyoxc,0.2132713
ZTF20acxbbaj,0.12799212
ZTF20acxbnjd,0.39359158
ZTF20acxtewc,0.26818565
ZTF20acxsxac,0.067025915
ZTF20acwxbyr,0.08466409
ZTF20acwujgz,0.11673402
ZTF20acxpvhu,0.10579228
ZTF20acxpurh,0.07634763
ZTF20acwqkuz,0.19796583
ZTF20acxqxyw,0.13962425
ZTF20acxtdcm,0.07051941
ZTF20acxncha,0.11219024
ZTF20acynaba,0.11287829
ZTF20acxqnhn,0.09031872
ZTF20acxzkkf,0.42441687
ZTF20acxznai,0.050530247
ZTF20acxzqyp,0.16646834
ZTF20acyntiu,0.106808566
ZTF20acxooam,0.07769323
ZTF20acyrhbo,0.09824395
ZTF20aczgoml,0.11539373
ZTF20acxvvnf,0.111975744
ZTF20acyqzeu,0.2017459
ZTF20acyvzbr,0.18666656
ZTF20acyvzef,1.574267
ZTF20acyvbhj,0.2514514
ZTF20acywbes,0.36655104
ZTF20acyybvq,0.17539957
ZTF20acyyavb,0.3000363
ZTF20aczacag,0.34332415
ZTF20acywefl,0.37627092
ZTF20acyxrez,0.121433094
ZTF20adadsgm,0.14833757
ZTF20acztnts,0.13879931
ZTF20adadlqm,0.22620817
ZTF20aczsjzc,0.22579178
ZTF20adadrhw,0.42398912
ZTF21aaabviz,0.3184954
ZTF20adadffg,0.19064032
ZTF20adadlqv,0.20366728
ZTF20adadrdh,0.3824161
ZTF20adadshh,0.28055444
ZTF20adaftef,0.08798456
ZTF20adadmsg,0.21871354
ZTF21aaabwem,0.26123708
ZTF21aaabubo,0.13100372
ZTF21aaabvkj,0.24579185
ZTF21aaafgmv,0.21681528
ZTF21aaabaey,0.20153433
ZTF21aaabtyq,0.14139256
ZTF21aaabucr,0.12605935
ZTF21aaabvjk,0.53391546
ZTF21aaaytny,0.23481318
ZTF21aaahyjj,0.16624375
ZTF21aaarmti,0.22547576
ZTF20adaduxg,0.21421325
ZTF21aaaewsb,0.20434393
ZTF21aaaawur,0.22147492
ZTF21aaahliy,0.19662149
ZTF21aaaubig,0.30457464
ZTF21aaampui,0.19277038
ZTF21aaafzwx,0.21814846
ZTF21aaahtln,0.20657296
ZTF21aaaotku,0.13219959
ZTF21aaaosoq,0.33584225
ZTF21aaaoviv,0.31420943
ZTF21aabhqng,0.09842713
ZTF21aabhxxj,0.13187686
ZTF21aaavhbu,0.38734746
ZTF21aaasxel,0.094043195
ZTF21aaaodzf,0.71887636
ZTF21aabcyvd,0.2229425
ZTF21aabvqlo,0.078035064
ZTF21aabvdjw,0.3350975
ZTF21aabjfbc,0.25121066
ZTF21aacvrzy,0.27669823
ZTF21aadebss,0.1384794
ZTF21aacscvb,0.34744078
ZTF21aacxung,0.12244295
ZTF21aaczpca,0.3572124
ZTF21aacufip,0.1818792
ZTF21aadktwq,0.2785624
ZTF21aacvhsc,0.36046126
ZTF21aacvupj,0.12434197
ZTF21aadkhte,0.44501987
ZTF21aaespww,0.060004227
ZTF21aagpymw,0.45000285
ZTF21aaeoqxf,0.15669616
ZTF21aaewexx,0.12407032
ZTF21aafkgvj,0.16828807
ZTF18aafzers,0.080345936
ZTF21aafkwtk,0.09748142
ZTF21aafkktu,0.08715434
ZTF21aagycrc,0.28564945
ZTF21aagqcnl,0.36839414
ZTF21aagmoqw,0.11200676
ZTF21aagtcgb,0.1957943
ZTF21aagtpro,0.21655571
ZTF21aahdpvi,0.27701294
ZTF21aagkhwf,0.14222682
ZTF21aagojfe,0.117031336
ZTF21aagqbvp,0.10654603
ZTF21aagppzg,0.9535861
ZTF21aaglret,0.046417568
ZTF21aagmqic,0.1464529
ZTF21aagnqnz,0.1902153
ZTF21aahccrk,0.081783056
ZTF21aagoliy,0.124709435
ZTF21aagolqa,0.034332577
ZTF21aagnwkk,0.24853572
ZTF21aagocor,0.19796698
ZTF21aagrjag,0.22343643
ZTF21aagrhot,0.0365156
ZTF21aagtceu,0.15109594
ZTF21aagtekf,0.12700559
ZTF21aagtexi,0.117899
ZTF21aagtoic,0.1288908
ZTF21aahfjrr,0.32247537
ZTF18aannern,0.078872435
ZTF21aagtqna,0.3459153
ZTF21aagofpx,0.2877653
ZTF21aagpbkj,0.09861118
ZTF21aagogqe,0.1543928
ZTF21aagxmcs,0.060003005
ZTF21aagyrvh,0.09204641
ZTF21aagyscx,0.1891959
ZTF21aagtuzm,0.1638615
ZTF21aagtpyw,0.090212114
ZTF21aagtqgz,0.039898135
ZTF21aagsihi,0.27708593
ZTF21aahkvem,0.09759328
ZTF21aahdqrg,0.05034328
ZTF18aadlaxo,0.33238128
ZTF21aahnkut,0.0858918
ZTF21aahptas,0.05870608
ZTF21aahargb,0.05377578
ZTF21aagxmfv,0.091854736
ZTF21aahtmlu,0.15288989
ZTF21aahvuvi,0.075359456
ZTF21aahzspd,0.06884722
ZTF21aaiaeri,0.1601269
ZTF21aajgdpo,0.18836753
ZTF21aaiaqhh,0.49787113
ZTF21aaizyqc,0.055135086
ZTF21aaifyvi,0.29165146
ZTF21aajgdeu,0.255718
ZTF21aahfjlo,0.19253525
ZTF21aaihala,0.60774934
ZTF21aaipypa,0.17078634
ZTF18aatgdph,0.27813402
ZTF21aahfjbs,0.085804276
ZTF21aaixlfe,0.17030536
ZTF21aakbgpf,0.21240474
ZTF21aajaljq,0.4426862
ZTF21aajtsba,0.1513972
ZTF21aajvtsq,0.105598204
ZTF21aajuerd,0.61307377
ZTF21aajvukh,0.1279957
ZTF21aajdbhw,0.49466383
ZTF21aakupth,0.20213847
ZTF21aakijia,0.203041
ZTF21aakilyd,0.41347784
ZTF21aakildf,0.2247076
ZTF21aalenaa,0.051049016
ZTF21aalimya,0.18768813
ZTF21aajfpwk,0.30899623
ZTF21aajtszm,0.47362348
ZTF21aakvroo,0.32257518
ZTF21aaksblr,0.25316778
ZTF21aakyqkb,0.07491891
ZTF21aalcsng,0.09222195
ZTF21aalinof,0.19795161
ZTF21aakjhcb,0.35837138
ZTF21aalekwo,0.099307604
ZTF21aalezap,0.13311727
ZTF21aalgqsv,0.041681055
ZTF21aalgszc,0.03852134
ZTF21aalimtr,0.11884783
ZTF21aaljjvt,0.19166893
ZTF21aakzmaq,0.3196912
ZTF21aalyvyw,0.120875776
ZTF21aalnhby,0.1276751
ZTF21aalkknw,0.09438211
ZTF21aaloalc,0.09247079
ZTF21aalodzw,0.1579866
ZTF21aamiukc,0.24842487
ZTF21aaluqkp,0.15534867
ZTF21aalnyny,0.25734967
ZTF21aamwvhr,0.190885
ZTF21aamwzfi,0.13212964
ZTF21aamhtui,0.41086292
ZTF21aalydkl,0.22960337
ZTF21aamfcji,0.04950919
ZTF21aamgcrv,0.25668305
ZTF21aamwqim,0.20600297
ZTF21aanefkx,0.41506362
ZTF21aamobbh,0.4756351
ZTF21aamokak,0.22683156
ZTF21aamjgfp,0.043885633
ZTF21aamucom,0.11709452
ZTF21aamzuxi,0.17727154
ZTF21aanhvpo,0.57106155
ZTF21aannoix,0.09575596
ZTF21aanrhag,0.4261095
ZTF21aanwfjk,0.066219255
ZTF21aanrvcq,0.072215386
ZTF21aanswls,0.5833729
ZTF21aanvncv,0.27593058
ZTF21aanuyro,0.10184614
ZTF21aantxma,0.082264714
ZTF21aanyfqu,0.0670008
ZTF21aanyyde,0.15666737
ZTF21aaocibg,0.18604179
ZTF21aaobcrz,0.17384993
ZTF21aaoqcnh,0.12034193
ZTF21aaobkmg,0.3561928
ZTF21aaovdlh,0.190213
ZTF21aaodljj,0.10817431
ZTF21aaocrlm,0.13140087
ZTF21aanzcuj,0.3200915
ZTF21aaoexgy,0.079237565
ZTF21aaoiaar,0.27659243
ZTF21aaoqbbw,0.22979085
ZTF21aaopqqk,0.13516636
ZTF21aalhtgv,0.30516562
ZTF21aaossxf,0.10669682
ZTF21aaowaxx,0.22942264
ZTF21aapegtd,0.13375422
ZTF21aapfime,0.1358184
ZTF21aapkfjx,0.16325985
ZTF21aapomdb,0.08515817
ZTF21aappkns,0.2580804
ZTF21aappktx,0.14992392
ZTF21aapfdqw,0.10007015
ZTF21aaphzsw,0.1824404
ZTF21aapliyn,0.5058202
ZTF21aapjqdl,0.11147307
ZTF21aapkhsc,0.12260103
ZTF21aaoghxv,0.20464745
ZTF21aapjcqb,0.117959864
ZTF21aapduck,0.065269314
ZTF21aapdulz,0.38211706
ZTF21aapdumx,0.7953624
ZTF21aapdxxs,0.11238615
ZTF21aapxogj,0.061027367
ZTF21aapehpx,0.053636257
ZTF21aapzgtu,0.037726533
ZTF21aapffqd,0.15171672
ZTF21aapejbx,0.0973304
ZTF21aapfpod,0.52932024
ZTF21aaradzm,0.34734836
ZTF21aapjmgf,0.16992265
ZTF21aapjmpq,0.07281892
ZTF21aaquyqa,0.33800986
ZTF21aaprfqv,0.2582312
ZTF21aaqgrrf,0.05975865
ZTF21aaphvyi,0.055651147
ZTF21aapnlfx,0.07995144
ZTF21aapvxnf,0.07617478
ZTF21aaqdxzv,0.25611597
ZTF21aaptouk,0.1040881
ZTF21aapvsxv,0.16044028
ZTF21aapxtqg,0.64488107
ZTF21aapyiku,0.36917973
ZTF21aapzzgf,0.100887865
ZTF21aaqafcf,0.13304542
ZTF21aaqizwm,0.11407812
ZTF21aapowty,0.19101873
ZTF21aaplnxw,0.18817139
ZTF21aapkvrd,0.09750572
ZTF21aaqftpz,3.2540965
ZTF21aaqhhfu,0.37442723
ZTF21aaqgmjt,1.4559777
ZTF21aaqhqke,0.37150222
ZTF21aaqjmps,0.19578145
ZTF21aaqldsk,0.36262295
ZTF21aaqsprr,0.05695295
ZTF21aaqpykm,0.12372611
ZTF21aaprfkc,0.21293552
ZTF21aaqmoof,0.16062744
ZTF18aansqom,0.09789436
ZTF21aaqujke,0.11018353
ZTF21aaqldsj,0.21476737
ZTF21aaqqlfw,0.100304365
ZTF21aarcldd,0.052948948
ZTF18aatezaj,0.16457911
ZTF21aaqupdt,0.122138366
ZTF21aaqwjlz,0.28436926
ZTF21aaqugxm,0.118147105
ZTF21aaquhqr,0.27808577
ZTF21aaquiwu,0.1370986
ZTF21aaqvsvw,0.4746495
ZTF21aaqwfqe,0.13084902
ZTF21aaqztcg,0.08547357
ZTF21aaraqpr,0.047638763
ZTF21aarasvn,0.15911382
ZTF21aaqzkhx,0.1306893
ZTF18acsremz,0.09228801
ZTF21aaqvuyf,0.124872304
ZTF21aaqyuun,0.29016006
ZTF21aarcobt,0.1276373
ZTF21aaqytjr,1.1839281
ZTF21aarjczf,0.11519871
ZTF21aardybv,0.059669662
ZTF21aarenhl,0.08254189
ZTF21aarmjai,0.17749795
ZTF21aarmuxl,0.16326651
ZTF21aarejnt,0.09586175
ZTF21aaqzqaa,0.18795973
ZTF21aarguvb,0.19193321
ZTF21aarhnwn,0.07807194
ZTF21aarhzdh,0.087292455
ZTF21aarmkuj,0.057035215
ZTF21aarnjyd,0.4280393
ZTF21aarskup,0.09262294
ZTF21aarqkes,0.9820711
ZTF21aasctwo,0.2806612
ZTF21aartgiv,0.2194423
ZTF21aarwlht,0.076463014
ZTF21aarxsfm,0.03501989
ZTF21aarohyu,0.06333376
ZTF21aarojxa,0.10239906
ZTF21aarybxo,0.046428088
ZTF21aarrplo,0.10704432
ZTF18aaszvfn,0.15831652
ZTF21aarigsr,0.17925607
ZTF21aasaxdk,0.06690322
ZTF21aasbkrl,0.08705185
ZTF21aasbjgq,0.1255728
ZTF21aasbxng,0.2966535
ZTF21aassamj,0.07282875
ZTF21aaskwgm,0.07849166
ZTF21aasgffc,0.080924146
ZTF21aasfseg,0.28095093
ZTF21aaswvyc,0.1144476
ZTF21aaskyvp,0.08277496
ZTF21aatdzmt,0.21884425
ZTF21aasafkl,1.5193675
ZTF21aasuazz,0.084276654
ZTF21aastazz,0.55447847
ZTF21aasyzkt,0.123762205
ZTF21aasufxv,0.29206577
ZTF21aatlesr,0.12706283
ZTF21aatsafx,0.1328775
ZTF21aasyydo,0.058641113
ZTF18aatjfoe,0.037105273
ZTF21aaswtok,0.09231045
ZTF21aatgisc,0.23269646
ZTF21aatwlhj,0.069256596
ZTF21aatnxwt,0.16121347
ZTF21aatlbsi,0.06529453
ZTF21aaufthj,0.119803466
ZTF21aaufvpg,0.11645728
ZTF21aatklhw,0.122051276
ZTF21aatkdcw,0.14943783
ZTF21aauamtx,0.12937216
ZTF21aautijg,0.17926121
ZTF21aauzzny,0.08682247
ZTF21aateglh,0.025663806
ZTF21aatvcdl,0.14798579
ZTF21aatvqcl,0.5849961
ZTF21aaublej,0.27183577
ZTF21aauapli,0.15370837
ZTF21aaufwyh,0.16854556
ZTF21aatyplr,0.6159999
ZTF21aaukcog,0.11930941
ZTF21aaunadg,0.11669396
ZTF21aaugbus,0.23569766
ZTF21aavotzn,0.33988667
ZTF21aavsbkt,0.15864709
ZTF21aavozbk,0.12128519
ZTF21aavhlok,0.064062655
ZTF21aavhlry,0.11061966
ZTF21aavhnpk,0.17994103
ZTF21aavhsdw,0.06971095
ZTF21aavuqzr,0.5067217
ZTF21aavoqpl,0.22644135
ZTF21aavqwhh,0.080971204
ZTF21aavqphe,0.15741168
ZTF21aavuprl,0.14881891
ZTF18aavvnzu,0.114050046
ZTF21aawckpe,0.15924056
ZTF21aavbrwr,0.12076996
ZTF21aawqpuf,0.24436009
ZTF21aawgzda,0.12884098
ZTF21aawiwqh,0.10302407
ZTF21aawtewf,0.107516676
ZTF21aaxbgul,0.12317559
ZTF21aawlwoy,0.11681841
ZTF21aawmtug,0.11243027
ZTF21aawogdl,0.22482659
ZTF21aaxhzru,0.2040667
ZTF21aawyyha,0.21736267
ZTF21aawzsew,0.13381004
ZTF21aaxgzln,0.047318317
ZTF21aawtazf,0.6068919
ZTF21aaxtjvm,0.15876824
ZTF21aaxtrlt,0.14810628
ZTF21aaxkckg,0.0937054
ZTF21aaxjvyl,0.17877467
ZTF21aaxlbad,0.14347354
ZTF21aaxuywf,0.10893212
ZTF21aaxycms,0.25765342
ZTF21aaxstzy,0.09135923
ZTF21aayddkn,0.09799133
ZTF21aaxsnvk,0.141648
ZTF21aaxtctv,0.18699451
ZTF21aaxtije,0.73523486
ZTF21aayfnjz,0.08253301
ZTF21aaxksct,0.16324487
ZTF21aaxzbrn,0.095589876
ZTF21aaygmiu,0.089765996
ZTF21aaxvnjy,0.13231239
ZTF21aayggyo,0.15884264
ZTF21aaxxjen,0.06316592
ZTF21aaxxmvs,0.15480657
ZTF21aaxyecd,0.03447648
ZTF21aaxubqf,0.17740072
ZTF21aaxxoei,0.14565434
ZTF21aaxxihx,0.07736344
ZTF21aavdqgf,0.2700005
ZTF21aaxstsv,0.07800978
ZTF21aaygmrl,0.38933215
ZTF21aaxzkfe,0.2188651
ZTF21aaxzczy,0.06944895
ZTF21aaxzdxd,0.065480344
ZTF21aaydwzt,0.121114746
ZTF21aaydxoo,0.37836197
ZTF21aayquba,0.11602341
ZTF21aaygkfw,0.057180293
ZTF21aayqycm,0.082068555
ZTF21aayqrgx,0.3002565
ZTF21aayrbnn,0.04285349
ZTF21aaxylga,0.08968268
ZTF21aazazvw,0.5496419
ZTF21aazcgof,0.1499238
ZTF21abahiow,0.17789154
ZTF21aazlxiw,0.06473366
ZTF21aazebgh,0.03740221
ZTF21aazfkyj,0.13951734
ZTF21abaaipx,0.033934712
ZTF21aazfmxb,0.102052584
ZTF21aazgkjf,0.25810742
ZTF21aayyxum,0.18549125
ZTF21aazvrjy,0.7880417
ZTF21aazieut,0.36173835
ZTF18aawgrxz,0.05656137
ZTF21aazqkeq,0.1402447
ZTF21abaakwd,0.16429676
ZTF21abahyyj,0.15380047
ZTF21abaputv,0.121710345
ZTF21abameyr,0.17571843
ZTF21aazybsh,0.10210029
ZTF21abaevgu,0.09642794
ZTF21abahgst,0.15672022
ZTF21aazcjbh,0.1705734
ZTF21aazsgyr,0.060160343
ZTF21abcgnqn,1.1663072
ZTF21abaphri,0.063923374
ZTF21abbaerh,0.8176273
ZTF21abasxdp,0.08337508
ZTF21abbliav,0.097679846
ZTF21aazsylk,0.20013177
ZTF21abbuylk,0.11268861
ZTF21abamotd,0.10326248
ZTF21abbodnh,0.099967435
ZTF21abbzcxe,0.0980955
ZTF21abbqeea,0.49840152
ZTF21abbkefe,0.12107262
ZTF21abbkglo,0.073244356
ZTF21abbjybk,0.10863211
ZTF21abbsbov,0.08159543
ZTF21abbcsfu,0.09858733
ZTF21abbvkpr,0.8914285
ZTF21abbzqvv,0.15126535
ZTF21abbytmm,0.07303248
ZTF21abcfgub,0.20325026
ZTF21abbzhvg,0.16884048
ZTF21abcimwb,0.124718316
ZTF21abbxdcm,0.16364355
ZTF21abgywux,0.33725172
ZTF21abcmepi,0.15700196
ZTF21abccaue,0.96684617
ZTF21abbzjeq,0.12034449
ZTF21abceehu,0.06767654
ZTF21abcmzvk,0.412491
ZTF21abcgaln,0.14408347
ZTF21abccplz,0.06588634
ZTF21abcgufz,0.13255183
ZTF21abcgrcj,0.18690236
ZTF21abcgxwy,0.04818915
ZTF21abchjer,0.26173297
ZTF21abchdql,0.18665807
ZTF21abcgnql,0.20138645
ZTF21abgxudc,0.09674917
ZTF21abcixor,0.13612522
ZTF21abcmvci,0.14717625
ZTF21abcmlzt,0.07746835
ZTF21abcrhpk,0.08815837
ZTF21abcmtev,0.11087627
ZTF21abcmcuq,0.061163764
ZTF21abcmjdy,0.1781371
ZTF21abctnoh,0.10712413
ZTF21abcnkbe,0.18625462
ZTF21abcpsjy,0.20859797
ZTF21abcouxj,0.080525905
ZTF18aansqov,0.10631029
ZTF21abcympb,0.14037903
ZTF21abczjhy,0.13954312
ZTF21abcnpnk,0.17159382
ZTF21abcpazz,0.10284944
ZTF21abctmnb,0.20772547
ZTF21abcxner,0.1906927
ZTF21abdhetx,0.15043351
ZTF21abdfdwi,0.04527773
ZTF21abczimc,0.14948045
ZTF21abdlvxh,0.23683146
ZTF21abdpios,0.42024538
ZTF21abdlyrc,0.05827321
ZTF21abdcauj,0.11302421
ZTF21abegynu,0.041569144
ZTF21abduoun,0.20375864
ZTF21abdlrpr,0.18567313
ZTF21abcwsho,0.093868695
ZTF21abeeewf,0.25660995
ZTF21abdthxn,0.051074866
ZTF20abarsvz,0.069483586
ZTF21abdveqn,0.17012857
ZTF18aagtwyh,0.040384926
ZTF21abcrhbt,0.07547684
ZTF21abedvkp,0.08364101
ZTF21abeokcr,0.04551109
ZTF21abfflmp,0.075558156
ZTF21abephjt,0.20405494
ZTF21abfoyac,0.35793227
ZTF21abfqisi,0.057624727
ZTF21abfjlxb,0.14551179
ZTF21abfnjiu,0.13037099
ZTF21abflgpq,0.09290198
ZTF21abflmkk,0.11547019
ZTF21abfoace,0.11321631
ZTF21abfiuqf,0.07955823
ZTF21abfoxwp,0.1537378
ZTF21abfjgwr,0.0360485
ZTF21abfxjik,0.109065674
ZTF21abfnfdw,0.13287672
ZTF18aaqnxjb,0.40288347
ZTF21abfxfqu,0.15090035
ZTF21abfxlvo,0.16709559
ZTF21abgmyzw,0.17951526
ZTF21abgcgem,0.15327623
ZTF21abfyxpf,0.11216255
ZTF21abghxht,0.64944166
ZTF21abghumo,0.20181042
ZTF20abcjdwu,0.18950109
ZTF21abhhrpj,0.17200646
ZTF21abhrchb,0.06914526
ZTF21abgzlyi,0.2018774
ZTF21abhaqju,0.10423818
ZTF21abhrmrv,0.09364202
ZTF21abhhbmd,0.14430131
ZTF21abhvquj,0.09968487
ZTF21abhkeak,0.20667793
ZTF21abhqhqb,0.14787567
ZTF21abhtafw,0.22723408
ZTF21abhtaiv,0.055186726
ZTF21abhthvj,0.21079586
ZTF21abhtkiy,0.0796436
ZTF21abiacoi,0.21376657
ZTF21abubpng,0.09662989
ZTF21abhshmt,0.4768468
ZTF21abhuqpe,0.5276044
ZTF21abdxhgv,0.19148901
ZTF21abhwnvw,0.13911274
ZTF21abhyukx,0.07085851
ZTF21abhuoyz,0.11690181
ZTF21abiawpf,0.10744215
ZTF21abhyqlv,0.7176453
ZTF21abiacmi,0.1461573
ZTF21abhzicj,0.05347028
ZTF21abibhpm,0.118537895
ZTF21abiblpl,0.13518655
ZTF21abjhiqp,0.22127447
ZTF21abicabp,0.1156174
ZTF21abhqqfa,0.14811592
ZTF21abidrcn,0.15177484
ZTF21abidtrd,0.06252725
ZTF21abhtlrj,0.14536539
ZTF21abienbe,0.2579561
ZTF21abieuta,0.3804346
ZTF21abifxhe,0.2656751
ZTF21abidikc,0.98069036
ZTF18abavruc,0.3610417
ZTF21abilrxd,0.09197978
ZTF21abimnii,0.36363763
ZTF21abioeyq,0.2708148
ZTF21abisowq,1.2915726
ZTF21abjhxqg,0.104637146
ZTF21abiuvdk,0.7925284
ZTF21abjpphz,0.1493894
ZTF21abiyyob,0.52967364
ZTF21abimejj,0.20599338
ZTF21abizpri,0.20262435
ZTF21abizxkw,0.19607954
ZTF21abjaksr,0.05722969
ZTF21abjbfpg,0.15741616
ZTF25aanvpit,0.16151862
ZTF21abjbnhh,0.07034623
ZTF21abjbrrj,0.97967863
ZTF21abjciip,0.04889221
ZTF21abjeyoh,0.1261179
ZTF21abjvwcd,0.11776618
ZTF21abjdiok,0.047109287
ZTF21abjciua,0.075277165
ZTF21abjtqyq,0.08361192
ZTF21abjdqbo,0.065524235
ZTF21abjrptn,0.13601264
ZTF21abjrwhq,0.09726105
ZTF21abjrysr,0.16829087
ZTF21abjvtxq,0.17839889
ZTF21abjvwdj,0.10050508
ZTF25acdxdbq,0.38889462
ZTF21abkavmp,0.1025495
ZTF21abkintm,0.21061249
ZTF21abpjpxr,0.20397852
ZTF21abkkuja,0.06376529
ZTF21abkkwie,0.11549358
ZTF18abfeyey,0.12956832
ZTF21abkaoxe,0.12327265
ZTF21abkdpnw,0.31324685
ZTF21abmlldj,0.42584205
ZTF21abkggoa,0.2774826
ZTF21abmpnui,0.5749238
ZTF21abkqkon,0.03564184
ZTF21ablducj,0.1038519
ZTF21abkzgae,0.053924292
ZTF21ablqsnv,0.13814822
ZTF21abkrteb,0.13471137
ZTF21abljmmv,0.13301198
ZTF21abklcjq,0.13594435
ZTF21ablrhtk,0.10742742
ZTF21ablvtrn,0.116903104
ZTF21abmgxyu,0.13305123
ZTF21ablvzhp,0.17651342
ZTF21ablwfcp,0.10219708
ZTF21abmfrad,0.087676205
ZTF21abmcori,0.21352041
ZTF21abmqpja,0.07822484
ZTF21abmdhes,0.11948283
ZTF21abmdnft,0.10230735
ZTF21abmjivk,0.2850502
ZTF21abmjgwf,0.18151936
ZTF21abmsppx,0.14192201
ZTF21abmwgdf,0.5706292
ZTF21abmwghp,0.21370523
ZTF21abmwmnp,0.13600682
ZTF21abmwzxt,0.14655937
ZTF21abouznj,0.24468237
ZTF21abmxiuf,0.28628376
ZTF21abmspzt,0.064813614
ZTF21abmwwsq,0.09359294
ZTF21abnudtb,0.23309098
ZTF21abnlhxs,0.5018481
ZTF21abnvsic,0.13479808
ZTF21abouuat,0.44297966
ZTF21abouexm,0.079471886
ZTF21abnuldi,0.70840114
ZTF21abothvq,0.1472604
ZTF21abowsub,0.07455818
ZTF21abousyu,0.15161537
ZTF21abpamxn,0.06225787
ZTF21abpapvy,0.23556075
ZTF21abotuqo,0.11054105
ZTF21abowpnd,0.10899576
ZTF21abowqqa,0.054951712
ZTF21abotose,0.20030254
ZTF21abplgag,0.17184766
ZTF21abplhpw,0.09075931
ZTF21abpwtde,0.06040422
ZTF21abpaodi,0.114370644
ZTF21abpivbd,0.18100819
ZTF21abprzfg,0.17195788
ZTF21abpryuv,0.27549478
ZTF21abpvssa,0.13652572
ZTF21abpxquj,0.30637965
ZTF21abpxsck,0.117796145
ZTF21abptxfk,1.7813394
ZTF21abqtckk,0.27424657
ZTF21abqfttg,0.21154734
ZTF21abqgbau,0.41255343
ZTF21abqikvn,0.15061586
ZTF21abqmrun,0.15848003
ZTF21abqmrtm,0.08287384
ZTF21abqftqr,0.06780577
ZTF21abqixak,0.19728124
ZTF21abqjjrb,0.1242612
ZTF21abpyauz,0.2370138
ZTF21abqueax,0.07035057
ZTF21abpvrhn,0.3777567
ZTF21abqvzjy,0.3138107
ZTF21abqymzg,0.117858596
ZTF21abrylwg,0.082268365
ZTF21abraccv,0.13553429
ZTF21abqpwpu,0.27437443
ZTF21abtxxdq,0.1793023
ZTF21abqvyyz,0.16026372
ZTF21abqsysj,0.16936241
ZTF21abrluay,0.10136577
ZTF21abrgbex,0.23668076
ZTF21abrghol,0.05539494
ZTF21abrhggj,0.05975747
ZTF21abrmefg,0.0522995
ZTF21abshszs,0.10128986
ZTF21abrpdsp,0.3253475
ZTF21abrpkzp,0.16516629
ZTF21abrpoaq,0.17702988
ZTF21abrqria,0.3138469
ZTF21abrofrx,0.6609548
ZTF21abrxgiv,0.07439495
ZTF21abrxoir,0.096695036
ZTF21abrxwvv,0.03871564
ZTF21abrotmc,0.3828522
ZTF21abrzdqx,0.25810733
ZTF18abrebsb,0.09594639
ZTF21abrzsol,0.09101901
ZTF21absbwyz,0.2033668
ZTF21abrssvd,0.11191136
ZTF21absbujl,0.0998765
ZTF21absvlrr,0.18273418
ZTF21abtxqza,0.19813545
ZTF21abtbygc,0.3036969
ZTF21abtgbwr,0.09410692
ZTF21abuetwv,0.09217635
ZTF21abtorlk,0.14091842
ZTF21abvbdyr,0.12616478
ZTF21abujgmr,0.23116359
ZTF21abtuutw,0.15634729
ZTF21abtwvyl,0.13445781
ZTF21abtxglm,0.12440777
ZTF21abtxnir,0.17167524
ZTF21abxngcz,0.4006006
ZTF21abubxmc,0.12014876
ZTF21abuffew,0.20084313
ZTF21abtzlnh,0.14783062
ZTF21abuxuxj,0.20249562
ZTF21abujejr,0.4263698
ZTF21abufayv,0.0339485
ZTF21abukrln,0.033735786
ZTF21abukwfl,0.06718477
ZTF21abulsgn,1.9893157
ZTF21abujefa,0.06250544
ZTF21abuyyxi,0.079744995
ZTF21abvcugy,0.15830494
ZTF21abuyhau,0.05973697
ZTF21abuvury,0.9999023
ZTF21abvbihc,0.12420238
ZTF21abvcxel,0.22084743
ZTF21abvtfxn,0.08866778
ZTF21abvrrmy,0.21724169
ZTF21abvicne,0.089061275
ZTF21abvcarc,0.07567439
ZTF21abvcxid,0.6470127
ZTF21abvddpq,0.15430982
ZTF21abvfacx,0.057645764
ZTF21abvrfsr,0.034473658
ZTF21abvrlup,0.034530915
ZTF21abvtikp,0.16730917
ZTF21abvhxyk,0.05772114
ZTF21abvtuir,0.16910487
ZTF21abvuttc,0.054746613
ZTF21abwdzio,0.15994301
ZTF21abvxguf,0.072857246
ZTF21abvyxfs,0.05425079
ZTF21abwcned,0.13266167
ZTF21abwfnru,0.07278942
ZTF21abwqopp,0.19781563
ZTF21abwgpgt,0.2865166
ZTF21abwjibi,0.112616256
ZTF21abvvivq,0.13646458
ZTF21absyjff,0.43673828
ZTF21abuxitb,0.13397539
ZTF21abvbhul,0.07979293
ZTF21abwcnpe,0.13340816
ZTF21abxdact,0.36173445
ZTF21abwprfj,0.11835866
ZTF18abffdpa,0.13633937
ZTF21abwprfg,0.16548473
ZTF21abwtnzp,0.15457375
ZTF21abwukki,0.116032355
ZTF21abwunpp,0.18324973
ZTF21abwurky,0.21763986
ZTF21abxdcmp,0.05794799
ZTF21abwxaht,0.36761615
ZTF21abwxext,0.1373059
ZTF21abwxhje,0.08748454
ZTF21abwtybk,0.17406456
ZTF21abwzpgf,0.120643206
ZTF21abychwq,0.15912558
ZTF21abxlpkc,0.2167797
ZTF21abxniow,0.10660472
ZTF21abyakea,0.08690185
ZTF21abxknvv,0.06698788
ZTF21abxmxut,0.4668423
ZTF21abwycli,0.10326476
ZTF21abybnni,0.06905843
ZTF21abyjydm,0.06479971
ZTF21abyahbi,0.083227396
ZTF21abyvjeq,0.037050433
ZTF21abyazip,0.0699698
ZTF21abybgjx,0.12594537
ZTF21abzadod,0.10388169
ZTF21abyfxqr,0.08336897
ZTF21abxjcdc,0.15197985
ZTF21abzcpiw,0.4114109
ZTF21abylukk,0.2894738
ZTF21abzgzvs,0.26987153
ZTF21abyonuw,0.09830033
ZTF21abyqrli,0.13757448
ZTF21abzkgvc,0.11104367
ZTF21abzxkyv,0.04266243
ZTF21abxzzys,0.09143282
ZTF21abzciqh,0.12412666
ZTF21abzcplo,0.07420344
ZTF21abywdxt,0.08391956
ZTF21abzbuvf,0.07155263
ZTF21acapxdf,0.08744021
ZTF21acasloo,0.12366945
ZTF21acaegsr,0.23023292
ZTF21acaeoms,0.24560696
ZTF21acaszik,0.15302503
ZTF21abzywja,0.19953874
ZTF21acaqdnb,0.06357076
ZTF21acafqtj,0.076096036
ZTF21acaspdb,0.11403929
ZTF21acasrer,0.09827935
ZTF21acbcjwa,0.12389445
ZTF21acbvwej,0.1006074
ZTF21acafsjy,0.099903
ZTF21accwovq,0.26365885
ZTF21acbcfmh,1.3441044
ZTF21acbjxhr,0.274824
ZTF18abxhaop,0.05464711
ZTF21acbnfos,0.24376808
ZTF21acbgcma,0.13852964
ZTF21acbxtqq,0.13291727
ZTF21acbutpl,0.7309465
ZTF21accteto,0.13959242
ZTF21acbmxgn,0.09284628
ZTF21acceboj,0.94865465
ZTF21acchwaw,0.5990814
ZTF21accibae,0.20946054
ZTF21acctrsp,0.093159944
ZTF21acclizu,0.18398911
ZTF21abtsoky,0.07499233
ZTF18acdwuhy,0.56395334
ZTF21acchbmn,0.1306992
ZTF21acciklh,0.2830432
ZTF21acdbcxy,0.32412612
ZTF21acbxtir,0.05183425
ZTF21accuexh,0.068971306
ZTF21accwcrh,0.19162308
ZTF21accyvil,0.09532037
ZTF21acdajtx,0.18239993
ZTF21acdalyp,0.12483005
ZTF21acdjasw,0.21473727
ZTF21acdenty,0.28065923
ZTF21acdezwk,0.13614523
ZTF21acdcxfz,0.2637397
ZTF21acdykpb,0.088968985
ZTF21acdkydg,0.08410906
ZTF21acdmwae,0.66894335
ZTF21acdoyqt,0.4312228
ZTF21acdxhuv,0.2547709
ZTF21acdvkcj,0.40939373
ZTF21acdwvwo,0.058687046
ZTF19abkftvd,0.34945428
ZTF21acefbte,0.18636307
ZTF21acempzi,0.21404885
ZTF21acekmmm,0.21401112
ZTF21acenkuf,0.22633845
ZTF21aceehxt,0.5842291
ZTF21aceqgbv,0.11700707
ZTF21aceqmyz,0.16457576
ZTF21aceqpgp,0.19189177
ZTF21acfgfuy,0.057424307
ZTF21aceujob,0.12414164
ZTF21aceqrju,0.41772646
ZTF21acfabut,0.23182392
ZTF21acfaugw,0.76197016
ZTF21achcwnd,0.12166595
ZTF21acgyciq,0.38615343
ZTF21acfslmr,0.14190304
ZTF21acfgjiw,0.32969874
ZTF21acgpjbx,0.070537515
ZTF21acefcnp,0.08937629
ZTF21acgupte,0.090459056
ZTF21acgumps,0.38665792
ZTF21acgnagk,0.24825686
ZTF21achpuoa,0.16050656
ZTF21acgrrnl,0.24941392
ZTF21acguaen,0.09217358
ZTF21achhwdz,0.05613743
ZTF21acgunkr,0.18792328
ZTF21achltea,0.10178518
ZTF21acgxypn,0.06998174
ZTF21acgxzha,0.30592617
ZTF21acgyywa,0.07385371
ZTF21acgyzel,0.10343408
ZTF21acgzgvm,0.08400083
ZTF21acgzwsc,0.21271092
ZTF21achdxdn,0.12790759
ZTF21achgfbk,0.27039912
ZTF21achqzub,0.09748014
ZTF21achujxq,1.0434484
ZTF21achlshg,0.257299
ZTF21achiyue,0.10596906
ZTF21achlxxo,0.88740265
ZTF21acheiti,0.068669274
ZTF19acetzrc,0.15790172
ZTF18aawitry,0.11580612
ZTF21achptrd,0.215165
ZTF21achxlkq,0.29282615
ZTF21acipdhn,0.06471752
ZTF21achyvno,0.14553729
ZTF21achzpyc,0.13809335
ZTF21acilvjb,0.08157584
ZTF21aciobmz,0.41826728
ZTF21acinvvh,0.099386476
ZTF21aciluqg,0.09505512
ZTF21acincqb,0.4141954
ZTF21acioxcf,0.0901472
ZTF21acipmgw,0.09829614
ZTF21acjbedo,0.07497433
ZTF21acimjvp,0.4289463
ZTF21acisqde,0.10036555
ZTF21acionva,0.24917005
ZTF21acindcq,0.13611092
ZTF21acjurqj,0.20042685
ZTF21aciuhyy,0.16172686
ZTF21aciuvmg,0.14823847
ZTF21aciwkzc,0.08989079
ZTF21aciuhqw,0.13544473
ZTF21acizrpw,0.96280974
ZTF21acjeegy,0.17995945
ZTF21acjglei,0.49860638
ZTF21acjgqjl,0.112499
ZTF19abxmvcq,0.29797035
ZTF21aagolae,0.08033187
ZTF21acjjxww,0.06894848
ZTF21acjvgxg,0.34300748
ZTF21acjjwmj,0.17507502
ZTF21ackcxql,0.1792294
ZTF21ackdwjm,0.29721206
ZTF21acjotip,0.15281692
ZTF21acjxzsa,0.18214291
ZTF21ackqbow,0.24152176
ZTF21aclzodp,0.6853894
ZTF21acljfzt,0.092724234
ZTF24aaoebqp,0.23110689
ZTF22aaaowlo,0.14302959
ZTF22aadgsdi,0.6959255
ZTF22aadfstk,0.31338027
ZTF22aaecdin,0.0866035
ZTF22aadksbz,2.3119273
ZTF22aadetzg,0.12302163
ZTF22aadesjc,0.62906986
ZTF22aadolby,0.14934811
ZTF22aadeuwu,0.32890734
ZTF22aaedgbt,0.2488109
ZTF22aaemoot,0.14250644
ZTF22aadkocy,0.1655141
ZTF22aadnjsh,0.21374652
ZTF22aadlnaf,0.14940736
ZTF22aadnqsf,1.2755885
ZTF18aajkrxi,0.11934786
ZTF22aadqlhy,0.4349384
ZTF22aaektkm,0.08444091
ZTF22aadfbim,0.16479848
ZTF22aaeaqmz,0.1545739
ZTF22aadpgmo,0.10723964
ZTF22aadeurv,0.079657786
ZTF22aadtowh,0.33281818
ZTF22aaeasul,0.44535014
ZTF22aaeaktc,0.26152506
ZTF22aadfcnz,0.048607893
ZTF22aadqgoa,0.6689266
ZTF22aadephk,0.23593274
ZTF22aaebkwd,0.13847727
ZTF22aaettxg,0.11986986
ZTF22aadfgpu,0.11635843
ZTF22aadghdv,0.15262017
ZTF18aatmlsy,0.052433517
ZTF22aaejjtb,0.23442073
ZTF22aaevnvp,0.17908414
ZTF22aaekgxv,0.25379968
ZTF22aadoihx,0.5607377
ZTF22aaemhwl,0.042574868
ZTF22aaerfpk,0.13711971
ZTF22aaezyos,0.5561679
ZTF22aaemgsl,0.141252
ZTF22aaezjuu,0.210585
ZTF22aaeviey,0.13161038
ZTF22aafdaai,0.039879765
ZTF22aaffaah,0.12967668
ZTF22aafpbbu,0.16750053
ZTF19abkxeft,0.10108297
ZTF22aafnqtw,0.15147503
ZTF22aafnqfz,0.39895236
ZTF22aafrjnw,0.6691426
ZTF22aafoweb,0.12991701
ZTF22aagtxzo,0.083222896
ZTF22aafoqrd,3.765869
ZTF22aagvgwl,0.19444238
ZTF22aagvtzz,0.10469449
ZTF22aagyrlp,0.08464964
ZTF22aagzcai,0.20363706
ZTF22aahaufu,0.07686735
ZTF22aahhocd,0.51784855
ZTF22aahebcu,0.12222107
ZTF22aahftli,0.46775162
ZTF22aagvxjc,0.26919475
ZTF22aahgvlx,0.19074
ZTF22aahhrks,0.095951855
ZTF22aahhlnd,0.07441675
ZTF22aahiyfc,0.103534535
ZTF22aaidexe,0.05032108
ZTF22aahhgue,0.086841
ZTF22aahecwj,0.12631182
ZTF22aahhywm,0.12432052
ZTF22aahhzqi,0.08225902
ZTF22aahibvx,0.11946214
ZTF22aahjayr,0.16151236
ZTF22aahmbwn,0.19481306
ZTF22aahnkdv,0.7783197
ZTF22aaijrcl,0.094118945
ZTF22aahwcya,0.25253353
ZTF22aaimgvi,0.2423448
ZTF22aahygkd,0.03582056
ZTF22aahyqck,0.108236946
ZTF22aahwlcv,0.13844803
ZTF22aahndul,0.05368011
ZTF22aaiiiho,0.38886634
ZTF22aaijnqy,0.07778425
ZTF22aaijrci,0.45184734
ZTF22aaijrul,0.13436615
ZTF22aaimbfz,0.24486786
ZTF22aaipocw,0.5894505
ZTF22aajcupz,0.08500669
ZTF22aaiisww,0.09160592
ZTF22aajezaq,0.42585173
ZTF22aajeyek,0.18191774
ZTF22aajakms,0.47193426
ZTF22aajhkvu,0.121222556
ZTF22aajhiri,0.31194347
ZTF22aajhlaj,0.3410057
ZTF22aajhlat,0.55266726
ZTF22aajhyin,0.107662134
ZTF22aajijjf,0.3660098
ZTF22aajrwmu,0.25476643
ZTF18aaqpeoq,0.16252215
ZTF22aajhtpy,0.2768455
ZTF22aajigho,0.20075074
ZTF22aajivyw,0.13720524
ZTF22aajrjrc,0.15668404
ZTF22aajhkpo,0.1428553
ZTF22aajtaem,0.17010674
ZTF22aajiynq,0.10198599
ZTF22aajlsrh,0.107874505
ZTF22aajjawt,0.17408028
ZTF22aajlzbs,0.1649931
ZTF22aajjlin,0.10491995
ZTF22aajnffd,0.3739526
ZTF22aajowwt,0.2885029
ZTF22aajlruz,0.13124457
ZTF22aajpgof,0.20343362
ZTF22aajpzwm,0.13464765
ZTF22aajvkrd,0.13811298
ZTF22aajpdbs,0.08889347
ZTF22aajrrzz,0.2114746
ZTF22aajsdkt,0.05161084
ZTF22aajryew,0.27423573
ZTF22aajspto,0.13533603
ZTF22aajsqdv,0.117071316
ZTF22aajwlug,0.18424499
ZTF18aaqldvl,0.72227985
ZTF22aajvhrj,0.16585395
ZTF22aakaygk,0.10263941
ZTF22aakbzzl,0.178033
ZTF22aakdqqg,0.15456842
ZTF22aakemmo,0.05478859
ZTF22aakethm,0.11638245
ZTF22aaknhja,0.12797627
ZTF22aaketce,0.13055906
ZTF22aaknczk,0.1108107
ZTF22aakdwiu,0.18252
ZTF22aakndny,0.277383
ZTF22aaknfly,0.2378779
ZTF22aaknmzk,0.113878176
ZTF22aaknrtp,0.20027283
ZTF22aaklhfg,0.27190483
ZTF18aamvfeb,0.7694277
ZTF22aakoxtx,0.116959944
ZTF22aakpvbx,0.14171521
ZTF22aakpyqw,0.30978718
ZTF22aakqruk,0.15485856
ZTF22aakqvzc,0.3418679
ZTF22aakrimd,0.0576809
ZTF22aakpwqf,0.10779573
ZTF22aaksdvi,0.3456871
ZTF22aakmtrc,0.22862238
ZTF22aakynop,0.080905765
ZTF22aalizik,0.25458544
ZTF22aaknmbw,0.24306501
ZTF22aaknvcz,0.035217978
ZTF22aallgci,0.10629471
ZTF22aaldrem,0.06248311
ZTF22aalpfln,0.031081965
ZTF22aakyrye,0.34553695
ZTF22aamrkns,0.32861242
ZTF22aambfit,0.26473472
ZTF22aaliywk,0.09143742
ZTF22aaljyqw,0.12757728
ZTF22aalmrqp,0.39435142
ZTF22aalwbgz,0.09465059
ZTF22aalqzkz,0.17882061
ZTF22aalsbwt,0.24382578
ZTF22aalrcmn,0.100864574
ZTF22aalunvy,0.13659044
ZTF22aalfmec,0.40433457
ZTF22aamfvrs,0.047890577
ZTF22aalwghb,0.12341683
ZTF22aalzyzl,0.12458905
ZTF22aamfjun,0.05833594
ZTF22aalwnzj,0.077874854
ZTF22aalyumh,0.045087155
ZTF22aamiomf,0.062934384
ZTF22aambeqv,0.06552958
ZTF22aamgpzz,0.117705315
ZTF22aamdxkj,0.113884136
ZTF22aamgjba,0.14134459
ZTF22aamgkdw,0.18887828
ZTF22aamglev,0.3042141
ZTF18aasyjhd,0.43458983
ZTF22aamxszf,0.043344475
ZTF22aambnsg,0.14801297
ZTF22aamssbr,0.37787724
ZTF22aamzzjw,0.11777945
ZTF22aamrhna,0.22174627
ZTF22aamtomc,0.80841357
ZTF22aanesux,0.37011996
ZTF22aamgumi,0.9361746
ZTF22aangixh,0.34244785
ZTF22aanjyae,0.22443034
ZTF22aankxcq,0.104183964
ZTF22aanumko,0.3387972
ZTF22aanppbi,0.16265644
ZTF22aantrtp,0.3447646
ZTF22aanwibf,0.58665043
ZTF22aanzbru,0.7879827
ZTF22aanzrlh,0.16092531
ZTF22aaohilj,0.19415833
ZTF18abfbbyh,0.07499642
ZTF22aaokebo,0.10659577
ZTF22aaoewrn,0.17335814
ZTF22aaofpts,0.44691592
ZTF22aaorjov,0.07976637
ZTF22aaojclr,0.12810028
ZTF22aaohzok,0.08990957
ZTF22aaoelte,0.06191436
ZTF22aaohkqz,0.21191072
ZTF22aaohmcv,0.15860373
ZTF22aaohpmz,0.070302
ZTF22aaoiddx,0.2119981
ZTF22aaoippk,0.5486475
ZTF22aaokiud,2.048211
ZTF22aaolexr,0.17473103
ZTF22aaoemmz,0.2971912
ZTF22aaolhhl,0.4035425
ZTF22aaorkwk,0.265838
ZTF22aaolvwv,0.09489039
ZTF22aaolwsd,0.29042098
ZTF22aaonqcc,0.28565302
ZTF22aaowhti,0.51321393
ZTF22aaosjja,0.24033602
ZTF22aaorbxb,0.16630234
ZTF22aarqrxf,0.37310946
ZTF22aaowkts,0.78940713
ZTF22aaoskwd,0.08487167
ZTF22aaolcan,0.22724451
ZTF22aaparwk,0.08797116
ZTF22aaoqlos,0.21829072
ZTF22aapenmy,0.07873151
ZTF22aaotgrc,0.291168
ZTF22aaojcoc,0.13278568
ZTF22aaoxhuh,0.22574763
ZTF22aaoxiux,0.20592748
ZTF22aapaavr,0.921996
ZTF22aapargp,0.30577874
ZTF22aaoqfsm,0.47420597
ZTF22aaoolua,0.27070618
ZTF22aapjrvz,0.26485297
ZTF22aaphdzl,0.07078409
ZTF22aaozpun,0.12259633
ZTF22aapqaqe,0.55635047
ZTF22aaptcfi,0.45993897
ZTF22aarbard,0.24505375
ZTF22aapmawo,0.08531668
ZTF22aaqlfwe,0.075326994
ZTF22aaqhirm,0.17372444
ZTF22aaqwdjw,0.13157405
ZTF22aarrbne,0.09112569
ZTF22aarlppe,0.07489728
ZTF22aarrawv,0.31721365
ZTF22aasoali,0.3106639
ZTF22aartmuz,0.20464572
ZTF22aapkbkl,0.5693448
ZTF22aarwtqp,0.091869146
ZTF22aarwwyy,0.42576063
ZTF22aarwpcf,0.15710783
ZTF22aarvtbb,0.26029468
ZTF22aasfzzf,0.29954603
ZTF22aasdtcq,0.3641802
ZTF22aarsjvn,0.4501483
ZTF22aasrmim,0.13378446
ZTF22aapmmtu,0.06094564
ZTF22aasjwqv,0.21019532
ZTF22aaskqie,0.08322126
ZTF22aashqrd,0.1257704
ZTF22aaslyzj,0.21518005
ZTF22aasojye,0.124664076
ZTF22aasppdz,0.15076551
ZTF22aasmgbb,0.49866498
ZTF22aasygdq,0.3368468
ZTF22aasyitj,0.6304856
ZTF22aaspijs,0.19575582
ZTF22aaszlph,0.24615219
ZTF22aatbtqn,0.3246826
ZTF22aasxakz,0.13821855
ZTF22aatghyo,0.20551254
ZTF22aasxgjp,0.6916636
ZTF22aatemqx,0.1732271
ZTF22aattwsv,0.24151263
ZTF22aasaapb,0.12862362
ZTF22aasycgf,0.23375101
ZTF22aataizc,0.17137985
ZTF22aasyada,0.07494804
ZTF22aatunnt,0.1445503
ZTF22aativsd,0.27019945
ZTF22aatuxjc,0.24907377
ZTF22aatuxpc,0.08645964
ZTF22aatnyqk,0.21177742
ZTF22aatuatn,0.27785978
ZTF22aattfmb,1.363779
ZTF22aatfjcy,0.24082744
ZTF22aatnyuo,0.10860074
ZTF22aaudeny,0.114482455
ZTF22aaucozn,0.21363957
ZTF22aauhism,0.24461214
ZTF22aaujqll,0.10212961
ZTF22aaudftc,0.16918856
ZTF22aawxlpc,0.2846211
ZTF22aausgkx,0.028227245
ZTF22aausixa,0.08749618
ZTF22aatvdon,0.36894724
ZTF22aauuxul,0.03384772
ZTF18aawzens,0.21560113
ZTF22aauurbv,0.27031335
ZTF22aauvfay,0.1672614
ZTF22aaudjgc,0.2534884
ZTF22aausjcd,0.4734834
ZTF22aavskaa,0.09251741
ZTF22aavbezc,0.027100202
ZTF22aavcfed,0.7476966
ZTF22aauwyuq,0.09415502
ZTF22aavzfwp,0.14327233
ZTF22aaveqbx,0.05579063
ZTF22aavcvgd,0.055126704
ZTF22aaspkif,1.0651653
ZTF22aavdiim,0.19497545
ZTF22aawfjnt,0.22004926
ZTF22aavpkwo,0.2207125
ZTF22aawdqfp,0.13328294
ZTF22aavvqyh,0.67774606
ZTF22aavwyfw,0.4425633
ZTF22aawcmcr,0.29818195
ZTF22aawzdti,0.05892172
ZTF22aaweukv,0.29516414
ZTF22aawfeov,0.31222674
ZTF22aayplsv,0.37365723
ZTF22aazbxmi,0.20184048
ZTF22aauxzqe,0.16015731
ZTF22aavakpj,0.11832202
ZTF22aawzgcx,0.066291526
ZTF22aawptbl,0.33411446
ZTF22aawtunt,0.07423509
ZTF18acjpret,1.2568144
ZTF22aavobvq,1.0738947
ZTF22aavcyar,0.07079014
ZTF18aawlxls,0.5785649
ZTF22abcvfgs,0.6312718
ZTF22aaxgujq,0.2137769
ZTF22aaxklbk,0.04934977
ZTF22aayaemx,0.28125253
ZTF22aayrixx,0.1021218
ZTF22aawavtx,0.08569793
ZTF22aaxtysg,0.041874524
ZTF22aaypvib,0.11137131
ZTF22aaxzzoc,0.11022318
ZTF22aaylnhq,0.58650213
ZTF22aaygzdb,0.06017404
ZTF22aaycdbt,0.223472
ZTF22aayrhvp,0.110243194
ZTF22aaynvgi,0.13148975
ZTF22aayfpso,0.23752499
ZTF22aayjzmc,0.14464942
ZTF22aaydcsb,0.0765534
ZTF22aaymjam,0.16176666
ZTF22aayprcr,0.05142805
ZTF22aayrxbb,0.08356976
ZTF22aazjqtu,0.26279664
ZTF22aazdzyj,1.5054593
ZTF22aayobas,0.40289855
ZTF22aayvaoa,0.2935425
ZTF22aazpfxt,0.12502326
ZTF22aazgaus,0.14845182
ZTF22aaznbmz,0.15060389
ZTF22aazjgoi,0.37103656
ZTF22aazeagq,0.20537661
ZTF22aazjiam,0.15306368
ZTF22aazjvid,0.22841543
ZTF22abaette,0.13118534
ZTF22abaiyaf,0.09159898
ZTF22aazuuin,0.4876587
ZTF22aazuowq,0.49683565
ZTF22abahblc,0.11734014
ZTF22abahzeh,0.19324784
ZTF22abafbzv,0.10230683
ZTF22abaiyyz,0.12975152
ZTF22abakcfy,0.3395661
ZTF22aaqrszt,0.4296525
ZTF22abamnmb,0.18530184
ZTF22abaegxq,0.27144095
ZTF22abaqzcm,0.13694465
ZTF22abarhid,0.12092711
ZTF22abatsqa,0.10665705
ZTF22abavsqq,0.42365095
ZTF22abaxqlk,0.3334072
ZTF22abayewb,0.050071042
ZTF22abbiqoi,0.6071274
ZTF22abbcnay,0.62057054
ZTF22abbmgdo,0.13807026
ZTF22abblogu,0.053253837
ZTF22abatsyj,0.09648429
ZTF22abbaqil,0.085295394
ZTF22abbausm,0.048566736
ZTF22abbirsn,0.11280992
ZTF22abbiwrr,0.14896315
ZTF22abcckha,0.45354512
ZTF22abbkxor,0.12093815
ZTF22abbmemk,0.10099735
ZTF22abcuiht,0.23305668
ZTF22abbsbys,0.16642748
ZTF22abbtmdv,0.07271265
ZTF22abbtqmf,0.09447969
ZTF22abcbses,0.37338188
ZTF22abcfics,0.19428512
ZTF22abckjon,0.10148308
ZTF22abcknjm,0.28443232
ZTF22abdfjjo,0.10026637
ZTF22abcsiqk,0.3648213
ZTF22abcuctb,0.07528787
ZTF18abfchzq,0.13153796
ZTF22abddvec,0.13391317
ZTF22abdlnkm,0.1232443
ZTF22abdtpru,0.16099909
ZTF22abdjqlm,0.07319039
ZTF22abdlohy,0.056434765
ZTF22abdondo,0.59014356
ZTF22abfutah,0.14454615
ZTF22abdstgi,0.11989262
ZTF22abdtcki,0.18259142
ZTF22abegjkl,0.24171036
ZTF22abegteh,0.0825967
ZTF19abmugyh,0.05007861
ZTF22abdxbyh,0.10481916
ZTF22abdxjhr,0.25868276
ZTF22abecbbd,0.11117372
ZTF22abekkwn,0.049761776
ZTF22abeskuc,0.04607367
ZTF22abeltic,0.18535933
ZTF22abeioig,0.16032203
ZTF22abemaki,0.17722923
ZTF22abembaz,0.13255212
ZTF22abeijrg,0.1618502
ZTF22abepfmn,0.11833714
ZTF22abevcjl,0.14512669
ZTF22abewvtv,0.30804187
ZTF22abeyzcl,0.11224199
ZTF22abfspdz,0.2999353
ZTF22abfskre,0.11426176
ZTF22abfnfud,0.30908135
ZTF22abfzaqd,0.058115564
ZTF22abfoehf,0.13723184
ZTF22abfrkoh,0.5969198
ZTF22abfxmiu,0.30599216
ZTF22abfvibh,0.38790873
ZTF22abfvzqg,0.13248518
ZTF22abfwihc,0.16845623
ZTF22abfrbnl,0.19973284
ZTF22abfwbgr,0.056518216
ZTF22abfxmpc,0.3310347
ZTF22abfzaed,0.5175528
ZTF22abgawhn,0.110596225
ZTF22abgawib,0.16230206
ZTF22abfweew,0.13772891
ZTF22abfuwel,0.13865942
ZTF22abgawlh,0.13876149
ZTF22abfutmm,0.24266638
ZTF22abfuyqr,0.49752063
ZTF22abfwign,0.14476417
ZTF22abfwchw,0.09491635
ZTF22abfrbzi,0.17610988
ZTF22abfwxtr,0.15057503
ZTF22abexkqi,0.23594388
ZTF22abgibib,0.18420771
ZTF22abfvjky,0.051230047
ZTF22abfviaz,0.106492825
ZTF22abfviis,0.08226845
ZTF22aaxfqka,0.28391802
ZTF22abfxwub,0.22442065
ZTF22abfyukg,0.07852432
ZTF22abftfug,0.28945416
ZTF22abfytal,0.16798219
ZTF22abfvvpv,0.10315475
ZTF22abfwthv,0.07678924
ZTF22abfvjeg,0.1794532
ZTF22abfxmvf,0.11189694
ZTF22abfxwkm,0.15509884
ZTF22abfyqsc,0.24136221
ZTF22abfyrxh,0.23728879
ZTF22abfyvhf,0.20426323
ZTF22abfyyew,0.15806367
ZTF22abfyzir,0.1321048
ZTF22abfzarj,0.3440462
ZTF22abfzdkz,0.14842448
ZTF22abgndif,0.655175
ZTF22abgbffy,0.58221024
ZTF22abggmuu,0.059017625
ZTF22abgdjwt,0.38549533
ZTF22abfvxlz,0.059880782
ZTF22abgepyb,0.101547375
ZTF22abgiayt,0.07927503
ZTF22abggmae,0.075818546
ZTF22abghgca,0.06817967
ZTF22abghdno,0.111609064
ZTF22abfvsbt,0.21082388
ZTF22abhfwmr,0.13374361
ZTF22abhjdlx,0.11278119
ZTF22abhsxkn,0.054588873
ZTF22abilaka,0.20369394
ZTF22abhuvug,0.052418265
ZTF22abhcqrr,0.08552967
ZTF22abhcrfy,0.06816871
ZTF22abhencl,0.07716816
ZTF22abgteub,0.09138857
ZTF22abhxptt,0.07442827
ZTF22abhldat,0.06466105
ZTF22abhodtl,0.122810066
ZTF22abhrjld,0.19399494
ZTF22abhsxph,0.12043276
ZTF22abhuvqj,0.18227823
ZTF22abitewv,0.17221574
ZTF22abkbmob,0.26750073
ZTF22abkbjsb,0.1304022
ZTF22abhxptj,0.15561834
ZTF22abiozoc,0.0344744
ZTF22abhyzjq,0.054490454
ZTF22abipthl,0.07396959
ZTF22abipidm,0.08433658
ZTF22abibgsa,0.091875784
ZTF22abghrui,0.45260352
ZTF22abhvfio,0.08642982
ZTF22abiwwyf,0.26711625
ZTF22abiysva,0.40344602
ZTF22abijxly,0.49339524
ZTF22abiymsf,0.054657903
ZTF22abiyeae,0.13879336
ZTF22abjagqj,0.03881173
ZTF22abihtsn,0.02532905
ZTF18aawmeiw,0.119818315
ZTF22abiqxao,0.21787746
ZTF22abjhwce,0.047203835
ZTF22abivebe,0.14127488
ZTF22abivrnq,0.09454932
ZTF22abivqkc,0.09880108
ZTF22abiwpck,0.0985419
ZTF22abizgac,0.065795556
ZTF22abiyjlx,0.077674575
ZTF22abjaqoq,0.07188716
ZTF22abjpcjy,0.33098605
ZTF22abjafpr,0.16139004
ZTF22abjeeqt,0.073107444
ZTF22abivkuq,0.4544614
ZTF22ablhldn,0.0768231
ZTF22abkjegi,0.1075218
ZTF22abjpfpl,0.16200262
ZTF22abkxbeo,0.40677103
ZTF22abjzweh,0.20506471
ZTF22abkabeh,0.32575437
ZTF22abkaaje,0.07515124
ZTF22abkfgrt,0.08733104
ZTF22abjvyib,0.111301854
ZTF22abkisoc,0.11111238
ZTF22abkhrkd,0.3358088
ZTF22abkkhao,0.15536785
ZTF22abkpgpa,0.38778585
ZTF22abkpkej,0.055907935
ZTF22abizuah,0.44488022
ZTF20aaolusw,0.095516205
ZTF22abkybyq,0.078081146
ZTF22abllclb,0.29044136
ZTF22ablbgrl,0.10816342
ZTF22abmcfrc,0.06795615
ZTF22ablviyf,0.1362344
ZTF22ablhftq,0.24872254
ZTF22abmicob,0.12249292
ZTF22abkwdhr,0.13832952
ZTF22ablnrcv,0.3444031
ZTF22abmynyd,0.09367046
ZTF22abmcnmz,0.08093065
ZTF22abmtwml,0.056933355
ZTF22abmcezf,0.079555705
ZTF22abmonux,0.3168877
ZTF22abmiohu,0.08594054
ZTF22ablxcrh,0.41348267
ZTF22abmdqzf,0.29287517
ZTF22abmfmng,0.22961102
ZTF22abmolve,0.11523491
ZTF22abmjdfo,0.16479161
ZTF22abmmvxz,0.14841354
ZTF22abmcono,0.08732364
ZTF22abpekod,0.20444992
ZTF22abmmhdm,0.19800982
ZTF22abmsaxp,0.10480522
ZTF22abmxzxm,0.10458154
ZTF22abnehge,0.16854621
ZTF22abnemvx,0.032513123
ZTF22abnejmu,0.37783235
ZTF22abnelse,0.17656843
ZTF22abnfgcn,1.551423
ZTF22abngjlt,0.058597032
ZTF22abniami,0.10199765
ZTF22abnlwjv,0.121434405
ZTF22abnmpty,0.06084365
ZTF22abnfsjo,0.060044743
ZTF22abnoofs,0.11112576
ZTF22abnpsou,0.45116594
ZTF22abnvurz,1.6461939
ZTF22abnqomh,0.1789083
ZTF22abnwpmq,0.0935144
ZTF22abmygmc,0.095676035
ZTF22abnvncn,0.23588774
ZTF22abnvmzz,0.0809075
ZTF22abnqzle,0.10234816
ZTF22abnxovx,0.06284464
ZTF22abnxoji,0.103598386
ZTF22abobobs,0.086829215
ZTF22abntdem,0.21882391
ZTF22abobhmn,0.077095635
ZTF22abolsys,0.04455714
ZTF22aboisvs,0.066505015
ZTF22aboixdd,0.23410843
ZTF17aabtvsy,0.06422987
ZTF22abodqjf,0.090266705
ZTF22abppdqh,0.08149961
ZTF22abpyder,0.31508365
ZTF22abnuakd,0.07391026
ZTF22abqbqty,0.16581143
ZTF22abpulqo,0.091982566
ZTF22abpusrt,0.6977546
ZTF22aboloxt,0.16197714
ZTF22abpxxil,0.11212856
ZTF22abqseiq,0.29034162
ZTF22aboapcj,0.1398746
ZTF22abpydmh,0.1434754
ZTF22abqbljk,0.45818895
ZTF22abqrdqq,0.09789544
ZTF22abpzyzz,0.09256308
ZTF22abqyiaa,0.40958893
ZTF22abqdmwt,0.0862736
ZTF22abqkzuq,0.2026208
ZTF22abqqepp,0.34187955
ZTF22abqiyik,0.060843218
ZTF22abqqjih,0.27891666
ZTF22abqxkhd,0.8832602
ZTF22abscvex,0.30374554
ZTF22abrborz,0.104436226
ZTF22abrboyl,0.21679257
ZTF22abrcivs,0.22434966
ZTF22abqpxyn,0.07045433
ZTF22absdier,0.28574124
ZTF22abseymh,0.06770677
ZTF22abrreei,0.17213508
ZTF22abtctzp,0.10148417
ZTF22abspgzy,0.073730156
ZTF22absiyyk,0.09106536
ZTF22absphuu,0.24487786
ZTF22absqpsa,0.27345997
ZTF18acqnzso,0.120665655
ZTF22absqxti,0.3307521
ZTF22abssiet,0.09712032
ZTF22absxaxv,0.07515766
ZTF22abswuyy,0.25380984
ZTF22abtbijr,0.21251927
ZTF22abtsypf,0.3113535
ZTF22absygcs,0.23438078
ZTF22abtknum,0.78021973
ZTF22abtcphd,0.15092711
ZTF22abtcpig,0.8497143
ZTF22abteujl,0.072135426
ZTF22abtctfn,0.17236157
ZTF22abtctvo,0.10168045
ZTF22abtcyhv,0.70341766
ZTF22abtootl,0.085471
ZTF22abtdoxf,0.13497849
ZTF22abteetl,0.13277824
ZTF22abtekni,0.29128706
ZTF22abtltcw,0.47795936
ZTF22abtjefa,1.4639423
ZTF22abtmrfr,0.19369568
ZTF22abubrek,0.12278542
ZTF18abzzkyg,0.43983626
ZTF22abtspsw,0.25494796
ZTF22abtsttg,0.091211356
ZTF22abuygtu,0.0650131
ZTF22abtsybt,0.15141703
ZTF22abtvgfs,0.08490615
ZTF22abtvkgk,0.14585908
ZTF22abvcnnl,0.119541384
ZTF22abvciba,0.09358334
ZTF22abtybkh,0.2231908
ZTF22abvebdc,0.03518387
ZTF22abtlaew,0.2493935
ZTF22abunjts,0.3923559
ZTF22abtomri,0.2016913
ZTF22abvasuw,0.2837971
ZTF22abvkkgu,0.12610015
ZTF22abuqitl,0.1282983
ZTF22abwmnow,0.108148776
ZTF22abvrtgj,0.1737906
ZTF22abvuybj,0.36185494
ZTF22abvpklt,0.34114757
ZTF22abxgnre,0.24477945
ZTF22abxlqol,0.33640507
ZTF22abyaood,0.33303088
ZTF22abybbud,0.65446687
ZTF22abykahf,0.52056265
ZTF22abylryw,0.2607769
ZTF22abyivxh,0.24569169
ZTF22abyjewt,0.5642112
ZTF22abyjttn,0.2843264
ZTF22abyknqs,0.1349154
ZTF22abyjfgt,0.3768436
ZTF22abynjkd,0.13082066
ZTF22abynpmq,0.31306005
ZTF22abynlvk,0.10519666
ZTF22abyokjo,0.3119933
ZTF22abyokkf,0.51073194
ZTF22abyrqec,0.11528295
ZTF22abyrovo,0.09305152
ZTF18abxtvqc,0.48760316
ZTF22abystdy,0.13053556
ZTF22abzbqxx,0.31650484
ZTF22acablwr,0.23333324
ZTF22acadszu,0.27639928
ZTF22acbacvy,1.0215154
ZTF23aaaigqy,1.8004234
ZTF23aaagncz,0.35525957
ZTF23aaajtan,0.49710473
ZTF23aaabeyy,0.6215159
ZTF23aaakutq,0.092645995
ZTF23aaapokf,0.5960719
ZTF23aaarwbd,0.061588723
ZTF23aaarwea,0.3401839
ZTF23aaatixf,0.26661852
ZTF23aaavsyk,0.18001781
ZTF23aaazffe,0.15691254
ZTF23aaawbsc,0.43776745
ZTF23aaawcvx,1.0765543
ZTF23aabbrdb,0.15496929
ZTF18aaiwzie,0.46118358
ZTF23aabksje,0.56731415
ZTF23aabqqsl,1.3345994
ZTF23aabnyfa,0.4889343
ZTF23aabrftw,0.72118384
ZTF23aabutcv,0.3034041
ZTF23aabutwh,0.83697546
ZTF23aaccacy,0.5038148
ZTF23aacydwa,0.19013628
ZTF23aacyfpi,0.1589177
ZTF22abykdbm,0.1080034
ZTF23aadbbxv,0.24641004
ZTF23aadbrdk,0.058275286
ZTF23aadjsyj,0.099387646
ZTF23aadqhae,0.14825228
ZTF23aadjpsn,0.17545868
ZTF23aadwaiz,0.12563625
ZTF23aadnpbq,0.3797709
ZTF23aadtqlt,0.12652713
ZTF23aadjhyj,0.12866965
ZTF23aadwlhl,0.13738166
ZTF23aadvpwt,0.04570388
ZTF23aadwjtg,0.053470638
ZTF23aadtvmb,0.5585608
ZTF23aadruma,0.590928
ZTF23aadvtxf,0.1758319
ZTF23aadwfed,0.23165256
ZTF23aadwhmn,0.37949675
ZTF23aadwigb,0.11008095
ZTF23aadwitm,0.09401403
ZTF23aadwiyy,0.10610153
ZTF23aaeardk,0.112337366
ZTF23aaeauii,0.11070609
ZTF23aaecexq,0.16569673
ZTF23aaeavsh,0.046367604
ZTF23aaecgwh,0.1314735
ZTF23aaejvsg,0.32862374
ZTF18aanxlcr,0.195296
ZTF23aaeeugd,0.18153928
ZTF23aaedvtn,0.18517774
ZTF23aaedrcn,0.19534989
ZTF23aaedsfn,0.0642401
ZTF23aaelxbd,0.10819176
ZTF23aaeeawl,0.14239497
ZTF23aaencty,0.13888107
ZTF23aaejwfe,0.36032784
ZTF23aaejvro,0.18231758
ZTF23aaehsgs,0.089896366
ZTF23aadtrzd,0.13768251
ZTF23aaeozef,0.099762775
ZTF23aaejumk,0.12609163
ZTF23aaejwkh,0.15273893
ZTF23aaeqhrg,0.24027461
ZTF23aaekebt,0.2569566
ZTF23aaekejj,0.20412493
ZTF23aaelbgl,0.107133254
ZTF23aaelqpq,0.19236279
ZTF23aaeieqk,0.5337469
ZTF23aaeinqq,0.19335409
ZTF23aaelkos,0.18207243
ZTF23aaemepn,0.11909581
ZTF23aaexcmm,0.08189975
ZTF23aaemgto,0.2733249
ZTF23aaenlmq,0.1511965
ZTF23aaemnzd,0.13349064
ZTF23aaeqhkx,0.22681887
ZTF23aaeqonb,0.088622764
ZTF23aaelbbq,0.18048726
ZTF23aaeqsvb,0.098383814
ZTF23aaenexu,0.080184095
ZTF23aaesmsf,0.17739095
ZTF23aaeyqoa,0.21149388
ZTF23aaeyugg,0.11345128
ZTF23aaepuao,0.13563877
ZTF23aaeygvh,0.22653718
ZTF23aafumlg,0.23813924
ZTF23aafvgyf,0.20381185
ZTF23aagdebl,0.044547778
ZTF23aafggjj,0.31714928
ZTF23aafhfwx,0.100548886
ZTF23aafqzkn,0.4278411
ZTF23aafrhew,0.06932384
ZTF23aafsjor,0.40703252
ZTF23aaftnvx,0.110588014
ZTF23aafwvek,0.054995056
ZTF23aafratn,0.092879735
ZTF23aafwykt,0.1319949
ZTF23aaeskhd,0.07988486
ZTF23aaggwfh,0.3178566
ZTF23aagjylc,0.115344144
ZTF23aagkgnz,0.09276967
ZTF23aagaiju,0.13224511
ZTF23aagklwb,0.37131366
ZTF23aagdamr,0.13574457
ZTF23aagpjyp,0.8226508
ZTF23aaghvkj,0.075613715
ZTF23aaqkpwb,0.15123147
ZTF23aagkutf,0.111606345
ZTF23aagmbuf,0.42545342
ZTF23aaghvsv,0.07910883
ZTF23aagqyym,0.2712694
ZTF23aahfxpr,0.28210983
ZTF23aahngej,0.28856447
ZTF23aahnmag,0.16911376
ZTF23aahxdsi,0.100776285
ZTF23aahvmpq,0.11896301
ZTF23aaialcw,0.1720483
ZTF23aahyznf,0.09654565
ZTF23aahzyls,0.8677109
ZTF23aaicagr,0.12579553
ZTF23aaijgnu,0.1855087
ZTF23aahxdhe,0.09931209
ZTF23aaintny,0.12811494
ZTF23aaijkwo,0.18948825
ZTF23aailjjs,0.31954265
ZTF23aaiuadl,0.14980036
ZTF23aajjzbm,0.2004662
ZTF23aaiwlzm,0.069227636
ZTF23aaiytpy,0.20665284
ZTF23aaiwxqy,0.09890998
ZTF23aaiwunc,0.046695706
ZTF23aaiwvdh,0.2212234
ZTF21aamwlzd,0.06509925
ZTF23aaiyjbk,0.10126621
ZTF23aaiwwgd,0.06566491
ZTF23aaizgvi,0.27693254
ZTF23aaizjbj,0.0692494
ZTF23aaizmza,0.15010189
ZTF23aajduvy,0.24670902
ZTF23aajhosl,0.10659488
ZTF23aajakys,0.15264404
ZTF23aajaygo,0.063194744
ZTF23aajucmw,0.47428492
ZTF23aajenxf,0.07622189
ZTF23aajjddh,0.12055057
ZTF23aajeunk,0.30014133
ZTF23aajfdxf,0.645546
ZTF23aajbkan,0.35158545
ZTF23aajsjon,0.27883875
ZTF23aajiucf,0.10103919
ZTF23aajbejz,0.09155122
ZTF23aajkisd,0.27462775
ZTF23aajmpsa,0.048110493
ZTF23aajscgu,0.1158195
ZTF23aajjxso,0.07742781
ZTF23aajahua,0.13140108
ZTF23aajkfls,0.24943154
ZTF23aalftvv,0.8799123
ZTF23aajsemu,0.106237315
ZTF23aakaqht,0.0640947
ZTF23aakbjqx,0.034970555
ZTF23aakmqlj,0.11695382
ZTF23aakcbfv,0.26305947
ZTF23aakprat,0.08965222
ZTF23aakidwn,0.07046708
ZTF23aakmewi,0.17722091
ZTF23aakrkjt,0.09421365
ZTF23aakrngt,0.15415211
ZTF23aakstht,0.18336372
ZTF23aaldzxz,0.099722475
ZTF23aakmsiy,0.043852136
ZTF23aakawpn,0.10647191
ZTF23aaltnze,0.12523915
ZTF23aamamlv,0.13829623
ZTF23aalsied,0.08620799
ZTF23aaltxkt,0.22416131
ZTF23aakxqrp,0.3551441
ZTF23aamixrh,0.06731818
ZTF23aamfmqm,0.13763128
ZTF23aamqtel,1.0882169
ZTF23aamqonh,0.0473102
ZTF23aamqzyz,0.05999951
ZTF23aamtyjs,0.091156945
ZTF23aamubjk,0.09205354
ZTF23aamvyyl,0.13179582
ZTF23aamzuca,0.3492602
ZTF23aamwiqd,0.18439361
ZTF23aamxuks,0.3639815
ZTF23aamzcfe,0.12801617
ZTF23aamzucf,0.55750155
ZTF23aanbdib,0.06934166
ZTF23aandvzg,0.10482191
ZTF23aaniabv,0.3352897
ZTF23aanpqba,0.5264638
ZTF23aanqoyo,0.17453228
ZTF23aanzbtf,0.11061597
ZTF23aanptpp,0.34589618
ZTF23aaoanrl,0.08003953
ZTF23aanpyeb,0.08663247
ZTF23aanpxyp,0.058250137
ZTF23aansdlc,0.14063917
ZTF23aaojwkb,0.13253601
ZTF23aantmqa,0.056258447
ZTF23aanpuwv,0.11519617
ZTF23aanxepa,0.076366454
ZTF23aansctq,0.057315663
ZTF23aanyiwk,0.044453926
ZTF23aanptmz,0.13293801
ZTF23aaojbdj,0.043780737
ZTF23aaohfxx,0.17773817
ZTF23aaogzgq,0.06960723
ZTF23aansrmz,0.12757604
ZTF23aaoxngr,0.21999303
ZTF23aaotvsl,0.07357407
ZTF23aapiyqi,0.09332112
ZTF23aapbrrq,0.25994524
ZTF23aapnixu,0.0585855
ZTF23aaphpnk,0.05303939
ZTF23aapphlk,0.10041902
ZTF23aapksof,0.099210516
ZTF23aaprwrn,0.15677705
ZTF23aapsuva,0.40246087
ZTF23aapmokr,0.10748023
ZTF23aapthmh,0.23186713
ZTF23aaptfsu,0.09112132
ZTF23aapogvn,0.11833555
ZTF23aapwwak,0.10522795
ZTF23aapvsqz,0.17035331
ZTF23aapxvut,0.11514392
ZTF23aapyidj,0.38584393
ZTF21acfmxeu,0.05617832
ZTF23aaqasrd,0.16986482
ZTF23aaqanze,0.10796408
ZTF23aaqcaeo,0.08797465
ZTF23aaqhzwu,0.21295144
ZTF23aaqfdby,0.09473926
ZTF23aaqhvds,0.08820312
ZTF23aaqekiu,0.11593122
ZTF23aaqniyk,0.56215066
ZTF23aaqjuux,0.23790437
ZTF18aajvqye,0.11033328
ZTF23aaqmxxo,0.1114854
ZTF23aaqmveu,0.18475273
ZTF23aaqmfgs,0.08138845
ZTF23aaqnhjp,0.49628899
ZTF23aaqqeri,0.08957944
ZTF23aaqqdhs,0.16304055
ZTF23aaqnjej,0.06812147
ZTF18aawlfnj,0.34740886
ZTF23aaquhcv,0.04796893
ZTF23aaqujvz,0.1686488
ZTF23aaquolj,0.25146148
ZTF23aarhuik,0.053347774
ZTF23aaqxjta,0.40920886
ZTF23aarjxfj,0.13866535
ZTF23aaqwtak,0.05727108
ZTF23aarfblz,0.06787087
ZTF23aarjsik,0.1800716
